problem,method,backend,cache,dt_s,output_strategy,grid,kappa,velocity,boundary,median_total_ms,p90_total_ms,l2,linf,sample_index,wall_ms,timings_ms,factorizations,cache_hits,cache_bytes,internal_steps,mass_balance_relative,linear_residual,minimum,maximum
diffusion,explicit_euler,numpy,cold,0.015625,final_only,"[20, 16]",0.07,"[0.0, 0.0]",zero_flux,0.2851454773917794,0.3307252074591815,0.0001767774698256218,0.0003507678322218766,0,0.2828749129548669,"{""matrix"": 0.0, ""factorization"": 0.0, ""advance"": 0.2445010468363762, ""conversion"": 0.00900006853044033, ""output"": 0.005042064003646374, ""total"": 0.27445796877145767}",0,0,0,32,0.0,0.0,0.5039415478570108,1.4960584521429892
diffusion,explicit_euler,numpy,cold,0.015625,final_only,"[20, 16]",0.07,"[0.0, 0.0]",zero_flux,0.2851454773917794,0.3307252074591815,0.0001767774698256218,0.0003507678322218766,1,0.28787495102733374,"{""matrix"": 0.0, ""factorization"": 0.0, ""advance"": 0.25008374359458685, ""conversion"": 0.008124974556267262, ""output"": 0.005249981768429279, ""total"": 0.2792080631479621}",0,0,0,32,0.0,0.0,0.5039415478570108,1.4960584521429892
diffusion,explicit_euler,numpy,cold,0.015625,final_only,"[20, 16]",0.07,"[0.0, 0.0]",zero_flux,0.2851454773917794,0.3307252074591815,0.0001767774698256218,0.0003507678322218766,2,0.28741604182869196,"{""matrix"": 0.0, ""factorization"": 0.0, ""advance"": 0.25091844145208597, ""conversion"": 0.00866700429469347, ""output"": 0.004498986527323723, ""total"": 0.28008397202938795}",0,0,0,32,0.0,0.0,0.5039415478570108,1.4960584521429892
diffusion,explicit_euler,numpy,cold,0.015625,final_only,"[20, 16]",0.07,"[0.0, 0.0]",zero_flux,0.2851454773917794,0.3307252074591815,0.0001767774698256218,0.0003507678322218766,3,0.2936660312116146,"{""matrix"": 0.0, ""factorization"": 0.0, ""advance"": 0.2578360727056861, ""conversion"": 0.0077909789979457855, ""output"": 0.004999921657145023, ""total"": 0.28612499590963125}",0,0,0,32,0.0,0.0,0.5039415478570108,1.4960584521429892
diffusion,explicit_euler,numpy,cold,0.015625,final_only,"[20, 16]",0.07,"[0.0, 0.0]",zero_flux,0.2851454773917794,0.3307252074591815,0.0001767774698256218,0.0003507678322218766,4,0.42237492743879557,"{""matrix"": 0.0, ""factorization"": 0.0, ""advance"": 0.36604120396077633, ""conversion"": 0.008541974239051342, ""output"": 0.01237494871020317, ""total"": 0.40558294858783484}",0,0,0,32,0.0,0.0,0.5039415478570108,1.4960584521429892
diffusion,explicit_euler,numpy,cold,0.015625,final_only,"[20, 16]",0.07,"[0.0, 0.0]",zero_flux,0.2851454773917794,0.3307252074591815,0.0001767774698256218,0.0003507678322218766,5,0.32054190523922443,"{""matrix"": 0.0, ""factorization"": 0.0, ""advance"": 0.26545964647084475, ""conversion"": 0.01595797948539257, ""output"": 0.0060409074649214745, ""total"": 0.31041691545397043}",0,0,0,32,0.0,0.0,0.5039415478570108,1.4960584521429892
diffusion,explicit_euler,numpy,cold,0.015625,final_only,"[20, 16]",0.07,"[0.0, 0.0]",zero_flux,0.2851454773917794,0.3307252074591815,0.0001767774698256218,0.0003507678322218766,6,0.2698330208659172,"{""matrix"": 0.0, ""factorization"": 0.0, ""advance"": 0.23079384118318558, ""conversion"": 0.009541981853544712, ""output"": 0.005040899850428104, ""total"": 0.26174995582550764}",0,0,0,32,0.0,0.0,0.5039415478570108,1.4960584521429892
diffusion,explicit_euler,numpy,cold,0.015625,final_only,"[20, 16]",0.07,"[0.0, 0.0]",zero_flux,0.2851454773917794,0.3307252074591815,0.0001767774698256218,0.0003507678322218766,7,0.2646249486133456,"{""matrix"": 0.0, ""factorization"": 0.0, ""advance"": 0.22933422587811947, ""conversion"": 0.008292030543088913, ""output"": 0.004750094376504421, ""total"": 0.2572090597823262}",0,0,0,32,0.0,0.0,0.5039415478570108,1.4960584521429892
diffusion,explicit_euler,numpy,cold,0.015625,final_only,"[20, 16]",0.07,"[0.0, 0.0]",zero_flux,0.2851454773917794,0.3307252074591815,0.0001767774698256218,0.0003507678322218766,8,0.26404194068163633,"{""matrix"": 0.0, ""factorization"": 0.0, ""advance"": 0.22937601897865534, ""conversion"": 0.0077500008046627045, ""output"": 0.00466697383671999, ""total"": 0.25699997786432505}",0,0,0,32,0.0,0.0,0.5039415478570108,1.4960584521429892
diffusion,explicit_euler,numpy,cold,0.015625,final_only,"[20, 16]",0.07,"[0.0, 0.0]",zero_flux,0.2851454773917794,0.3307252074591815,0.0001767774698256218,0.0003507678322218766,9,0.2669580280780792,"{""matrix"": 0.0, ""factorization"": 0.0, ""advance"": 0.23299886379390955, ""conversion"": 0.0077909789979457855, ""output"": 0.004749861545860767, ""total"": 0.26004191022366285}",0,0,0,32,0.0,0.0,0.5039415478570108,1.4960584521429892
diffusion,explicit_euler,numpy,warm,0.015625,final_only,"[20, 16]",0.07,"[0.0, 0.0]",zero_flux,0.2752499422058463,0.2898502629250288,0.0001767774698256218,0.0003507678322218766,0,0.267416937276721,"{""matrix"": 0.0, ""factorization"": 0.0, ""advance"": 0.23170944768935442, ""conversion"": 0.008041970431804657, ""output"": 0.004959059879183769, ""total"": 0.2595830010250211}",0,0,0,32,0.0,0.0,0.5039415478570108,1.4960584521429892
diffusion,explicit_euler,numpy,warm,0.015625,final_only,"[20, 16]",0.07,"[0.0, 0.0]",zero_flux,0.2752499422058463,0.2898502629250288,0.0001767774698256218,0.0003507678322218766,1,0.2809170400723815,"{""matrix"": 0.0, ""factorization"": 0.0, ""advance"": 0.2451675245538354, ""conversion"": 0.008584000170230865, ""output"": 0.00458303838968277, ""total"": 0.27412502095103264}",0,0,0,32,0.0,0.0,0.5039415478570108,1.4960584521429892
diffusion,explicit_euler,numpy,warm,0.015625,final_only,"[20, 16]",0.07,"[0.0, 0.0]",zero_flux,0.2752499422058463,0.2898502629250288,0.0001767774698256218,0.0003507678322218766,2,0.25991606526076794,"{""matrix"": 0.0, ""factorization"": 0.0, ""advance"": 0.2274170983582735, ""conversion"": 0.0075409188866615295, ""output"": 0.004498870112001896, ""total"": 0.25349995121359825}",0,0,0,32,0.0,0.0,0.5039415478570108,1.4960584521429892
diffusion,explicit_euler,numpy,warm,0.015625,final_only,"[20, 16]",0.07,"[0.0, 0.0]",zero_flux,0.2752499422058463,0.2898502629250288,0.0001767774698256218,0.0003507678322218766,3,0.262125045992434,"{""matrix"": 0.0, ""factorization"": 0.0, ""advance"": 0.22849789820611477, ""conversion"": 0.007416936568915844, ""output"": 0.004832865670323372, ""total"": 0.25470799300819635}",0,0,0,32,0.0,0.0,0.5039415478570108,1.4960584521429892
diffusion,explicit_euler,numpy,warm,0.015625,final_only,"[20, 16]",0.07,"[0.0, 0.0]",zero_flux,0.2752499422058463,0.2898502629250288,0.0001767774698256218,0.0003507678322218766,4,0.29037497006356716,"{""matrix"": 0.0, ""factorization"": 0.0, ""advance"": 0.2545011229813099, ""conversion"": 0.008167000487446785, ""output"": 0.004915986210107803, ""total"": 0.28320890851318836}",0,0,0,32,0.0,0.0,0.5039415478570108,1.4960584521429892
diffusion,explicit_euler,numpy,warm,0.015625,final_only,"[20, 16]",0.07,"[0.0, 0.0]",zero_flux,0.2752499422058463,0.2898502629250288,0.0001767774698256218,0.0003507678322218766,5,0.27116609271615744,"{""matrix"": 0.0, ""factorization"": 0.0, ""advance"": 0.23758318275213242, ""conversion"": 0.0077500008046627045, ""output"": 0.00437488779425621, ""total"": 0.2645000349730253}",0,0,0,32,0.0,0.0,0.5039415478570108,1.4960584521429892
diffusion,explicit_euler,numpy,warm,0.015625,final_only,"[20, 16]",0.07,"[0.0, 0.0]",zero_flux,0.2752499422058463,0.2898502629250288,0.0001767774698256218,0.0003507678322218766,6,0.28979196213185787,"{""matrix"": 0.0, ""factorization"": 0.0, ""advance"": 0.25513162836432457, ""conversion"": 0.0071660615503787994, ""output"": 0.004749977961182594, ""total"": 0.2824160037562251}",0,0,0,32,0.0,0.0,0.5039415478570108,1.4960584521429892
diffusion,explicit_euler,numpy,warm,0.015625,final_only,"[20, 16]",0.07,"[0.0, 0.0]",zero_flux,0.2752499422058463,0.2898502629250288,0.0001767774698256218,0.0003507678322218766,7,0.2747499383985996,"{""matrix"": 0.0, ""factorization"": 0.0, ""advance"": 0.23991730995476246, ""conversion"": 0.007917056791484356, ""output"": 0.004708999767899513, ""total"": 0.26754196733236313}",0,0,0,32,0.0,0.0,0.5039415478570108,1.4960584521429892
diffusion,explicit_euler,numpy,warm,0.015625,final_only,"[20, 16]",0.07,"[0.0, 0.0]",zero_flux,0.2752499422058463,0.2898502629250288,0.0001767774698256218,0.0003507678322218766,8,0.2864999696612358,"{""matrix"": 0.0, ""factorization"": 0.0, ""advance"": 0.2526711905375123, ""conversion"": 0.0077909789979457855, ""output"": 0.004249974153935909, ""total"": 0.28004206251353025}",0,0,0,32,0.0,0.0,0.5039415478570108,1.4960584521429892
diffusion,explicit_euler,numpy,warm,0.015625,final_only,"[20, 16]",0.07,"[0.0, 0.0]",zero_flux,0.2752499422058463,0.2898502629250288,0.0001767774698256218,0.0003507678322218766,9,0.275749946013093,"{""matrix"": 0.0, ""factorization"": 0.0, ""advance"": 0.24195783771574497, ""conversion"": 0.007207971066236496, ""output"": 0.004748930223286152, ""total"": 0.2685830695554614}",0,0,0,32,0.0,0.0,0.5039415478570108,1.4960584521429892
diffusion,explicit_euler,numpy,cold,0.0078125,final_only,"[20, 16]",0.07,"[0.0, 0.0]",zero_flux,0.5372290033847094,0.553836883045733,8.818758377023411e-05,0.00017498478521327243,0,0.5370000144466758,"{""matrix"": 0.0, ""factorization"": 0.0, ""advance"": 0.4932098090648651, ""conversion"": 0.008167000487446785, ""output"": 0.004792120307683945, ""total"": 0.5295409355312586}",0,0,0,64,0.0,0.0,0.5039415478570108,1.4960584521429892
diffusion,explicit_euler,numpy,cold,0.0078125,final_only,"[20, 16]",0.07,"[0.0, 0.0]",zero_flux,0.5372290033847094,0.553836883045733,8.818758377023411e-05,0.00017498478521327243,1,0.5344999954104424,"{""matrix"": 0.0, ""factorization"": 0.0, ""advance"": 0.49241993110626936, ""conversion"": 0.008042086847126484, ""output"": 0.004249974153935909, ""total"": 0.5276249721646309}",0,0,0,64,0.0,0.0,0.5039415478570108,1.4960584521429892
diffusion,explicit_euler,numpy,cold,0.0078125,final_only,"[20, 16]",0.07,"[0.0, 0.0]",zero_flux,0.5372290033847094,0.553836883045733,8.818758377023411e-05,0.00017498478521327243,2,0.5308750551193953,"{""matrix"": 0.0, ""factorization"": 0.0, ""advance"": 0.4907919792458415, ""conversion"": 0.007083057425916195, ""output"": 0.004165922291576862, ""total"": 0.5241249455139041}",0,0,0,64,0.0,0.0,0.5039415478570108,1.4960584521429892
diffusion,explicit_euler,numpy,cold,0.0078125,final_only,"[20, 16]",0.07,"[0.0, 0.0]",zero_flux,0.5372290033847094,0.553836883045733,8.818758377023411e-05,0.00017498478521327243,3,0.5293750436976552,"{""matrix"": 0.0, ""factorization"": 0.0, ""advance"": 0.4890026757493615, ""conversion"": 0.007208087481558323, ""output"": 0.00429211650043726, ""total"": 0.522916903719306}",0,0,0,64,0.0,0.0,0.5039415478570108,1.4960584521429892
diffusion,explicit_euler,numpy,cold,0.0078125,final_only,"[20, 16]",0.07,"[0.0, 0.0]",zero_flux,0.5372290033847094,0.553836883045733,8.818758377023411e-05,0.00017498478521327243,4,0.5383329698815942,"{""matrix"": 0.0, ""factorization"": 0.0, ""advance"": 0.4968771245330572, ""conversion"": 0.0071249669417738914, ""output"": 0.004751025699079037, ""total"": 0.5312920548021793}",0,0,0,64,0.0,0.0,0.5039415478570108,1.4960584521429892
diffusion,explicit_euler,numpy,cold,0.0078125,final_only,"[20, 16]",0.07,"[0.0, 0.0]",zero_flux,0.5372290033847094,0.553836883045733,8.818758377023411e-05,0.00017498478521327243,5,0.5374579923227429,"{""matrix"": 0.0, ""factorization"": 0.0, ""advance"": 0.49442052841186523, ""conversion"": 0.008083065040409565, ""output"": 0.004583154805004597, ""total"": 0.5303750513121486}",0,0,0,64,0.0,0.0,0.5039415478570108,1.4960584521429892
diffusion,explicit_euler,numpy,cold,0.0078125,final_only,"[20, 16]",0.07,"[0.0, 0.0]",zero_flux,0.5372290033847094,0.553836883045733,8.818758377023411e-05,0.00017498478521327243,6,0.5437909858301282,"{""matrix"": 0.0, ""factorization"": 0.0, ""advance"": 0.5002947291359305, ""conversion"": 0.007875030860304832, ""output"": 0.004792003892362118, ""total"": 0.536374980583787}",0,0,0,64,0.0,0.0,0.5039415478570108,1.4960584521429892
diffusion,explicit_euler,numpy,cold,0.0078125,final_only,"[20, 16]",0.07,"[0.0, 0.0]",zero_flux,0.5372290033847094,0.553836883045733,8.818758377023411e-05,0.00017498478521327243,7,0.5398748908191919,"{""matrix"": 0.0, ""factorization"": 0.0, ""advance"": 0.4962109960615635, ""conversion"": 0.007917056791484356, ""output"": 0.00458303838968277, ""total"": 0.5325409583747387}",0,0,0,64,0.0,0.0,0.5039415478570108,1.4960584521429892
diffusion,explicit_euler,numpy,cold,0.0078125,final_only,"[20, 16]",0.07,"[0.0, 0.0]",zero_flux,0.5372290033847094,0.553836883045733,8.818758377023411e-05,0.00017498478521327243,8,0.644249957986176,"{""matrix"": 0.0, ""factorization"": 0.0, ""advance"": 0.59763144236058, ""conversion"": 0.007917056791484356, ""output"": 0.00595790334045887, ""total"": 0.635666074231267}",0,0,0,64,0.0,0.0,0.5039415478570108,1.4960584521429892
diffusion,explicit_euler,numpy,cold,0.0078125,final_only,"[20, 16]",0.07,"[0.0, 0.0]",zero_flux,0.5372290033847094,0.553836883045733,8.818758377023411e-05,0.00017498478521327243,9,0.5211250390857458,"{""matrix"": 0.0, ""factorization"": 0.0, ""advance"": 0.4753326065838337, ""conversion"": 0.009584007784724236, ""output"": 0.004625064320862293, ""total"": 0.5134999519214034}",0,0,0,64,0.0,0.0,0.5039415478570108,1.4960584521429892
diffusion,explicit_euler,numpy,warm,0.0078125,final_only,"[20, 16]",0.07,"[0.0, 0.0]",zero_flux,0.5406455020420253,0.546991778537631,8.818758377023411e-05,0.00017498478521327243,0,0.5041250260546803,"{""matrix"": 0.0, ""factorization"": 0.0, ""advance"": 0.4620759282261133, ""conversion"": 0.00795908272266388, ""output"": 0.004792003892362118, ""total"": 0.4969590809196234}",0,0,0,64,0.0,0.0,0.5039415478570108,1.4960584521429892
diffusion,explicit_euler,numpy,warm,0.0078125,final_only,"[20, 16]",0.07,"[0.0, 0.0]",zero_flux,0.5406455020420253,0.546991778537631,8.818758377023411e-05,0.00017498478521327243,1,0.5370830185711384,"{""matrix"": 0.0, ""factorization"": 0.0, ""advance"": 0.49291946925222874, ""conversion"": 0.007875030860304832, ""output"": 0.004958128556609154, ""total"": 0.5292920395731926}",0,0,0,64,0.0,0.0,0.5039415478570108,1.4960584521429892
diffusion,explicit_euler,numpy,warm,0.0078125,final_only,"[20, 16]",0.07,"[0.0, 0.0]",zero_flux,0.5406455020420253,0.546991778537631,8.818758377023411e-05,0.00017498478521327243,2,0.53491594735533,"{""matrix"": 0.0, ""factorization"": 0.0, ""advance"": 0.49328990280628204, ""conversion"": 0.007791910320520401, ""output"": 0.004582921974360943, ""total"": 0.5282089114189148}",0,0,0,64,0.0,0.0,0.5039415478570108,1.4960584521429892
diffusion,explicit_euler,numpy,warm,0.0078125,final_only,"[20, 16]",0.07,"[0.0, 0.0]",zero_flux,0.5406455020420253,0.546991778537631,8.818758377023411e-05,0.00017498478521327243,3,0.537874992005527,"{""matrix"": 0.0, ""factorization"": 0.0, ""advance"": 0.4968395223841071, ""conversion"": 0.007417052984237671, ""output"": 0.004417030140757561, ""total"": 0.5311670247465372}",0,0,0,64,0.0,0.0,0.5039415478570108,1.4960584521429892
diffusion,explicit_euler,numpy,warm,0.0078125,final_only,"[20, 16]",0.07,"[0.0, 0.0]",zero_flux,0.5406455020420253,0.546991778537631,8.818758377023411e-05,0.00017498478521327243,4,0.5361250368878245,"{""matrix"": 0.0, ""factorization"": 0.0, ""advance"": 0.4955851472914219, ""conversion"": 0.007333001121878624, ""output"": 0.004291068762540817, ""total"": 0.5294169532135129}",0,0,0,64,0.0,0.0,0.5039415478570108,1.4960584521429892
diffusion,explicit_euler,numpy,warm,0.0078125,final_only,"[20, 16]",0.07,"[0.0, 0.0]",zero_flux,0.5406455020420253,0.546991778537631,8.818758377023411e-05,0.00017498478521327243,5,0.5434160120785236,"{""matrix"": 0.0, ""factorization"": 0.0, ""advance"": 0.5013742484152317, ""conversion"": 0.0073749106377363205, ""output"": 0.004790956154465675, ""total"": 0.536083010956645}",0,0,0,64,0.0,0.0,0.5039415478570108,1.4960584521429892
diffusion,explicit_euler,numpy,warm,0.0078125,final_only,"[20, 16]",0.07,"[0.0, 0.0]",zero_flux,0.5406455020420253,0.546991778537631,8.818758377023411e-05,0.00017498478521327243,6,0.545959104783833,"{""matrix"": 0.0, ""factorization"": 0.0, ""advance"": 0.5019188392907381, ""conversion"": 0.007999944500625134, ""output"": 0.0049578957259655, ""total"": 0.5383329698815942}",0,0,0,64,0.0,0.0,0.5039415478570108,1.4960584521429892
diffusion,explicit_euler,numpy,warm,0.0078125,final_only,"[20, 16]",0.07,"[0.0, 0.0]",zero_flux,0.5406455020420253,0.546991778537631,8.818758377023411e-05,0.00017498478521327243,7,0.5451670149341226,"{""matrix"": 0.0, ""factorization"": 0.0, ""advance"": 0.5011700559407473, ""conversion"": 0.008208095096051693, ""output"": 0.004832982085645199, ""total"": 0.5377499619498849}",0,0,0,64,0.0,0.0,0.5039415478570108,1.4960584521429892
diffusion,explicit_euler,numpy,warm,0.0078125,final_only,"[20, 16]",0.07,"[0.0, 0.0]",zero_flux,0.5406455020420253,0.546991778537631,8.818758377023411e-05,0.00017498478521327243,8,0.5465000867843628,"{""matrix"": 0.0, ""factorization"": 0.0, ""advance"": 0.5020495736971498, ""conversion"": 0.008209026418626308, ""output"": 0.004748930223286152, ""total"": 0.5389590514823794}",0,0,0,64,0.0,0.0,0.5039415478570108,1.4960584521429892
diffusion,explicit_euler,numpy,warm,0.0078125,final_only,"[20, 16]",0.07,"[0.0, 0.0]",zero_flux,0.5406455020420253,0.546991778537631,8.818758377023411e-05,0.00017498478521327243,9,0.5514170043170452,"{""matrix"": 0.0, ""factorization"": 0.0, ""advance"": 0.5045041907578707, ""conversion"": 0.009707990102469921, ""output"": 0.004875008016824722, ""total"": 0.5431669997051358}",0,0,0,64,0.0,0.0,0.5039415478570108,1.4960584521429892
diffusion,explicit_euler,numpy,cold,0.00390625,final_only,"[20, 16]",0.07,"[0.0, 0.0]",zero_flux,1.048604492098093,1.0769419255666435,4.404370086062485e-05,8.739300030213837e-05,0,1.0710419155657291,"{""matrix"": 0.0, ""factorization"": 0.0, ""advance"": 1.010881387628615, ""conversion"": 0.008124974556267262, ""output"": 0.004832982085645199, ""total"": 1.0636249789968133}",0,0,0,128,0.0,0.0,0.5039415478570108,1.4960584521429892
diffusion,explicit_euler,numpy,cold,0.00390625,final_only,"[20, 16]",0.07,"[0.0, 0.0]",zero_flux,1.048604492098093,1.0769419255666435,4.404370086062485e-05,8.739300030213837e-05,1,1.1300420155748725,"{""matrix"": 0.0, ""factorization"": 0.0, ""advance"": 1.052503357641399, ""conversion"": 0.008333008736371994, ""output"": 0.009917188435792923, ""total"": 1.115916995331645}",0,0,0,128,0.0,0.0,0.5039415478570108,1.4960584521429892
diffusion,explicit_euler,numpy,cold,0.00390625,final_only,"[20, 16]",0.07,"[0.0, 0.0]",zero_flux,1.048604492098093,1.0769419255666435,4.404370086062485e-05,8.739300030213837e-05,2,1.0037500178441405,"{""matrix"": 0.0, ""factorization"": 0.0, ""advance"": 0.9312516776844859, ""conversion"": 0.012916047126054764, ""output"": 0.006124959327280521, ""total"": 0.9934999980032444}",0,0,0,128,0.0,0.0,0.5039415478570108,1.4960584521429892
diffusion,explicit_euler,numpy,cold,0.00390625,final_only,"[20, 16]",0.07,"[0.0, 0.0]",zero_flux,1.048604492098093,1.0769419255666435,4.404370086062485e-05,8.739300030213837e-05,3,0.9856669930741191,"{""matrix"": 0.0, ""factorization"": 0.0, ""advance"": 0.920672551728785, ""conversion"": 0.009750016033649445, ""output"": 0.005708890967071056, ""total"": 0.976208015345037}",0,0,0,128,0.0,0.0,0.5039415478570108,1.4960584521429892
diffusion,explicit_euler,numpy,cold,0.00390625,final_only,"[20, 16]",0.07,"[0.0, 0.0]",zero_flux,1.048604492098093,1.0769419255666435,4.404370086062485e-05,8.739300030213837e-05,4,1.0092080337926745,"{""matrix"": 0.0, ""factorization"": 0.0, ""advance"": 0.9450066136196256, ""conversion"": 0.009500072337687016, ""output"": 0.005375943146646023, ""total"": 1.0007080854848027}",0,0,0,128,0.0,0.0,0.5039415478570108,1.4960584521429892
diffusion,explicit_euler,numpy,cold,0.00390625,final_only,"[20, 16]",0.07,"[0.0, 0.0]",zero_flux,1.048604492098093,1.0769419255666435,4.404370086062485e-05,8.739300030213837e-05,5,1.0296250693500042,"{""matrix"": 0.0, ""factorization"": 0.0, ""advance"": 0.9667482227087021, ""conversion"": 0.008833012543618679, ""output"": 0.005292007699608803, ""total"": 1.0216250084340572}",0,0,0,128,0.0,0.0,0.5039415478570108,1.4960584521429892
diffusion,explicit_euler,numpy,cold,0.00390625,final_only,"[20, 16]",0.07,"[0.0, 0.0]",zero_flux,1.048604492098093,1.0769419255666435,4.404370086062485e-05,8.739300030213837e-05,6,1.0413340060040355,"{""matrix"": 0.0, ""factorization"": 0.0, ""advance"": 0.9787125745788217, ""conversion"": 0.008707982487976551, ""output"": 0.005125068128108978, ""total"": 1.0335000697523355}",0,0,0,128,0.0,0.0,0.5039415478570108,1.4960584521429892
diffusion,explicit_euler,numpy,cold,0.00390625,final_only,"[20, 16]",0.07,"[0.0, 0.0]",zero_flux,1.048604492098093,1.0769419255666435,4.404370086062485e-05,8.739300030213837e-05,7,1.0561669478192925,"{""matrix"": 0.0, ""factorization"": 0.0, ""advance"": 0.9935906855389476, ""conversion"": 0.008500064723193645, ""output"": 0.005041947588324547, ""total"": 1.0484170634299517}",0,0,0,128,0.0,0.0,0.5039415478570108,1.4960584521429892
diffusion,explicit_euler,numpy,cold,0.00390625,final_only,"[20, 16]",0.07,"[0.0, 0.0]",zero_flux,1.048604492098093,1.0769419255666435,4.404370086062485e-05,8.739300030213837e-05,8,1.0558749781921506,"{""matrix"": 0.0, ""factorization"": 0.0, ""advance"": 0.9942571632564068, ""conversion"": 0.008541974239051342, ""output"": 0.004917033948004246, ""total"": 1.0484170634299517}",0,0,0,128,0.0,0.0,0.5039415478570108,1.4960584521429892
diffusion,explicit_euler,numpy,cold,0.00390625,final_only,"[20, 16]",0.07,"[0.0, 0.0]",zero_flux,1.048604492098093,1.0769419255666435,4.404370086062485e-05,8.739300030213837e-05,9,1.059916103258729,"{""matrix"": 0.0, ""factorization"": 0.0, ""advance"": 0.9976385626941919, ""conversion"": 0.008624978363513947, ""output"": 0.004375004209578037, ""total"": 1.0530829895287752}",0,0,0,128,0.0,0.0,0.5039415478570108,1.4960584521429892
diffusion,explicit_euler,numpy,warm,0.00390625,final_only,"[20, 16]",0.07,"[0.0, 0.0]",zero_flux,1.0589795419946313,1.0980418883264065,4.404370086062485e-05,8.739300030213837e-05,0,1.1464159470051527,"{""matrix"": 0.0, ""factorization"": 0.0, ""advance"": 1.0661684209480882, ""conversion"": 0.009125098586082458, ""output"": 0.010791933164000511, ""total"": 1.131791970692575}",0,0,0,128,0.0,0.0,0.5039415478570108,1.4960584521429892
diffusion,explicit_euler,numpy,warm,0.00390625,final_only,"[20, 16]",0.07,"[0.0, 0.0]",zero_flux,1.0589795419946313,1.0980418883264065,4.404370086062485e-05,8.739300030213837e-05,1,1.0275420499965549,"{""matrix"": 0.0, ""factorization"": 0.0, ""advance"": 0.9498762665316463, ""conversion"": 0.0140840420499444, ""output"": 0.007082941010594368, ""total"": 1.014875015243888}",0,0,0,128,0.0,0.0,0.5039415478570108,1.4960584521429892
diffusion,explicit_euler,numpy,warm,0.00390625,final_only,"[20, 16]",0.07,"[0.0, 0.0]",zero_flux,1.0589795419946313,1.0980418883264065,4.404370086062485e-05,8.739300030213837e-05,2,1.0050419950857759,"{""matrix"": 0.0, ""factorization"": 0.0, ""advance"": 0.9379133116453886, ""conversion"": 0.01083302777260542, ""output"": 0.006209127604961395, ""total"": 0.9955000132322311}",0,0,0,128,0.0,0.0,0.5039415478570108,1.4960584521429892
diffusion,explicit_euler,numpy,warm,0.00390625,final_only,"[20, 16]",0.07,"[0.0, 0.0]",zero_flux,1.0589795419946313,1.0980418883264065,4.404370086062485e-05,8.739300030213837e-05,3,1.0364999761804938,"{""matrix"": 0.0, ""factorization"": 0.0, ""advance"": 0.9721263777464628, ""conversion"": 0.009791925549507141, ""output"": 0.005415990017354488, ""total"": 1.0277089895680547}",0,0,0,128,0.0,0.0,0.5039415478570108,1.4960584521429892
diffusion,explicit_euler,numpy,warm,0.00390625,final_only,"[20, 16]",0.07,"[0.0, 0.0]",zero_flux,1.0589795419946313,1.0980418883264065,4.404370086062485e-05,8.739300030213837e-05,4,1.0600420646369457,"{""matrix"": 0.0, ""factorization"": 0.0, ""advance"": 0.9962092153728008, ""conversion"": 0.00937492586672306, ""output"": 0.005625071935355663, ""total"": 1.0513339657336473}",0,0,0,128,0.0,0.0,0.5039415478570108,1.4960584521429892
diffusion,explicit_euler,numpy,warm,0.00390625,final_only,"[20, 16]",0.07,"[0.0, 0.0]",zero_flux,1.0589795419946313,1.0980418883264065,4.404370086062485e-05,8.739300030213837e-05,5,1.0584170231595635,"{""matrix"": 0.0, ""factorization"": 0.0, ""advance"": 0.9940088493749499, ""conversion"": 0.009083072654902935, ""output"": 0.005333917215466499, ""total"": 1.0504170786589384}",0,0,0,128,0.0,0.0,0.5039415478570108,1.4960584521429892
diffusion,explicit_euler,numpy,warm,0.00390625,final_only,"[20, 16]",0.07,"[0.0, 0.0]",zero_flux,1.0589795419946313,1.0980418883264065,4.404370086062485e-05,8.739300030213837e-05,6,1.0653750505298376,"{""matrix"": 0.0, ""factorization"": 0.0, ""advance"": 1.0038765612989664, ""conversion"": 0.008792034350335598, ""output"": 0.004959176294505596, ""total"": 1.0585000272840261}",0,0,0,128,0.0,0.0,0.5039415478570108,1.4960584521429892
diffusion,explicit_euler,numpy,warm,0.00390625,final_only,"[20, 16]",0.07,"[0.0, 0.0]",zero_flux,1.0589795419946313,1.0980418883264065,4.404370086062485e-05,8.739300030213837e-05,7,1.059542060829699,"{""matrix"": 0.0, ""factorization"": 0.0, ""advance"": 1.0007950477302074, ""conversion"": 0.007667113095521927, ""output"": 0.00466697383671999, ""total"": 1.0528330458328128}",0,0,0,128,0.0,0.0,0.5039415478570108,1.4960584521429892
diffusion,explicit_euler,numpy,warm,0.00390625,final_only,"[20, 16]",0.07,"[0.0, 0.0]",zero_flux,1.0589795419946313,1.0980418883264065,4.404370086062485e-05,8.739300030213837e-05,8,1.0581669630482793,"{""matrix"": 0.0, ""factorization"": 0.0, ""advance"": 0.9982164483517408, ""conversion"": 0.0076249707490205765, ""output"": 0.004959059879183769, ""total"": 1.0504580568522215}",0,0,0,128,0.0,0.0,0.5039415478570108,1.4960584521429892
diffusion,explicit_euler,numpy,warm,0.00390625,final_only,"[20, 16]",0.07,"[0.0, 0.0]",zero_flux,1.0589795419946313,1.0980418883264065,4.404370086062485e-05,8.739300030213837e-05,9,1.092666992917657,"{""matrix"": 0.0, ""factorization"": 0.0, ""advance"": 1.0290079517289996, ""conversion"": 0.008375034667551517, ""output"": 0.006334157660603523, ""total"": 1.0850420221686363}",0,0,0,128,0.0,0.0,0.5039415478570108,1.4960584521429892
diffusion,explicit_euler,numpy,cold,0.001953125,final_only,"[20, 16]",0.07,"[0.0, 0.0]",zero_flux,2.1150620304979384,2.1778211812488735,2.200935214801751e-05,4.367170063734882e-05,0,2.1108330693095922,"{""matrix"": 0.0, ""factorization"": 0.0, ""advance"": 2.016054466366768, ""conversion"": 0.008458970114588737, ""output"": 0.005291076377034187, ""total"": 2.102958969771862}",0,0,0,256,0.0,0.0,0.5039415478570108,1.4960584521429892
diffusion,explicit_euler,numpy,cold,0.001953125,final_only,"[20, 16]",0.07,"[0.0, 0.0]",zero_flux,2.1150620304979384,2.1778211812488735,2.200935214801751e-05,4.367170063734882e-05,1,2.1192909916862845,"{""matrix"": 0.0, ""factorization"": 0.0, ""advance"": 2.0252300892025232, ""conversion"": 0.008582952432334423, ""output"": 0.00458303838968277, ""total"": 2.112249960191548}",0,0,0,256,0.0,0.0,0.5039415478570108,1.4960584521429892
diffusion,explicit_euler,numpy,cold,0.001953125,final_only,"[20, 16]",0.07,"[0.0, 0.0]",zero_flux,2.1150620304979384,2.1778211812488735,2.200935214801751e-05,4.367170063734882e-05,2,2.1684170933440328,"{""matrix"": 0.0, ""factorization"": 0.0, ""advance"": 2.069180947728455, ""conversion"": 0.007541966624557972, ""output"": 0.006207963451743126, ""total"": 2.1590410033240914}",0,0,0,256,0.0,0.0,0.5039415478570108,1.4960584521429892
diffusion,explicit_euler,numpy,cold,0.001953125,final_only,"[20, 16]",0.07,"[0.0, 0.0]",zero_flux,2.1150620304979384,2.1778211812488735,2.200935214801751e-05,4.367170063734882e-05,3,1.9515830790624022,"{""matrix"": 0.0, ""factorization"": 0.0, ""advance"": 1.8578734016045928, ""conversion"": 0.009499955922365189, ""output"": 0.005083042196929455, ""total"": 1.9435830181464553}",0,0,0,256,0.0,0.0,0.5039415478570108,1.4960584521429892
diffusion,explicit_euler,numpy,cold,0.001953125,final_only,"[20, 16]",0.07,"[0.0, 0.0]",zero_flux,2.1150620304979384,2.1778211812488735,2.200935214801751e-05,4.367170063734882e-05,4,2.0737498998641968,"{""matrix"": 0.0, ""factorization"": 0.0, ""advance"": 1.9747577607631683, ""conversion"": 0.00825000461190939, ""output"": 0.006583984941244125, ""total"": 2.0649590296670794}",0,0,0,256,0.0,0.0,0.5039415478570108,1.4960584521429892
diffusion,explicit_euler,numpy,cold,0.001953125,final_only,"[20, 16]",0.07,"[0.0, 0.0]",zero_flux,2.1150620304979384,2.1778211812488735,2.200935214801751e-05,4.367170063734882e-05,5,2.1379999816417694,"{""matrix"": 0.0, ""factorization"": 0.0, ""advance"": 2.0358782494440675, ""conversion"": 0.008999952115118504, ""output"": 0.006124144420027733, ""total"": 2.1287910640239716}",0,0,0,256,0.0,0.0,0.5039415478570108,1.4960584521429892
diffusion,explicit_euler,numpy,cold,0.001953125,final_only,"[20, 16]",0.07,"[0.0, 0.0]",zero_flux,2.1150620304979384,2.1778211812488735,2.200935214801751e-05,4.367170063734882e-05,6,2.1325419656932354,"{""matrix"": 0.0, ""factorization"": 0.0, ""advance"": 2.033471711911261, ""conversion"": 0.009834067896008492, ""output"": 0.005040899850428104, ""total"": 2.123999991454184}",0,0,0,256,0.0,0.0,0.5039415478570108,1.4960584521429892
diffusion,explicit_euler,numpy,cold,0.001953125,final_only,"[20, 16]",0.07,"[0.0, 0.0]",zero_flux,2.1150620304979384,2.1778211812488735,2.200935214801751e-05,4.367170063734882e-05,7,2.26245797239244,"{""matrix"": 0.0, ""factorization"": 0.0, ""advance"": 2.1455648820847273, ""conversion"": 0.008791103027760983, ""output"": 0.010167015716433525, ""total"": 2.2480000043287873}",0,0,0,256,0.0,0.0,0.5039415478570108,1.4960584521429892
diffusion,explicit_euler,numpy,cold,0.001953125,final_only,"[20, 16]",0.07,"[0.0, 0.0]",zero_flux,2.1150620304979384,2.1778211812488735,2.200935214801751e-05,4.367170063734882e-05,8,2.0662499591708183,"{""matrix"": 0.0, ""factorization"": 0.0, ""advance"": 1.956919557414949, ""conversion"": 0.013583921827375889, ""output"": 0.006209011189639568, ""total"": 2.0520419348031282}",0,0,0,256,0.0,0.0,0.5039415478570108,1.4960584521429892
diffusion,explicit_euler,numpy,cold,0.001953125,final_only,"[20, 16]",0.07,"[0.0, 0.0]",zero_flux,2.1150620304979384,2.1778211812488735,2.200935214801751e-05,4.367170063734882e-05,9,2.0424589747563004,"{""matrix"": 0.0, ""factorization"": 0.0, ""advance"": 1.9439695170149207, ""conversion"": 0.010542105883359909, ""output"": 0.005792011506855488, ""total"": 2.033042022958398}",0,0,0,256,0.0,0.0,0.5039415478570108,1.4960584521429892
diffusion,explicit_euler,numpy,warm,0.001953125,final_only,"[20, 16]",0.07,"[0.0, 0.0]",zero_flux,2.0886879647150636,2.2635964094661176,2.200935214801751e-05,4.367170063734882e-05,0,2.1031249780207872,"{""matrix"": 0.0, ""factorization"": 0.0, ""advance"": 1.9981320947408676, ""conversion"": 0.012499978765845299, ""output"": 0.005999929271638393, ""total"": 2.092750044539571}",0,0,0,256,0.0,0.0,0.5039415478570108,1.4960584521429892
diffusion,explicit_euler,numpy,warm,0.001953125,final_only,"[20, 16]",0.07,"[0.0, 0.0]",zero_flux,2.0886879647150636,2.2635964094661176,2.200935214801751e-05,4.367170063734882e-05,1,2.1047909976914525,"{""matrix"": 0.0, ""factorization"": 0.0, ""advance"": 2.0070995669811964, ""conversion"": 0.009875046089291573, ""output"": 0.00566698145121336, ""total"": 2.0956669468432665}",0,0,0,256,0.0,0.0,0.5039415478570108,1.4960584521429892
diffusion,explicit_euler,numpy,warm,0.001953125,final_only,"[20, 16]",0.07,"[0.0, 0.0]",zero_flux,2.0886879647150636,2.2635964094661176,2.200935214801751e-05,4.367170063734882e-05,2,2.257084008306265,"{""matrix"": 0.0, ""factorization"": 0.0, ""advance"": 2.1423811558634043, ""conversion"": 0.009167008101940155, ""output"": 0.010582967661321163, ""total"": 2.241874928586185}",0,0,0,256,0.0,0.0,0.5039415478570108,1.4960584521429892
diffusion,explicit_euler,numpy,warm,0.001953125,final_only,"[20, 16]",0.07,"[0.0, 0.0]",zero_flux,2.0886879647150636,2.2635964094661176,2.200935214801751e-05,4.367170063734882e-05,3,2.0419589709490538,"{""matrix"": 0.0, ""factorization"": 0.0, ""advance"": 1.935129170306027, ""conversion"": 0.013375072740018368, ""output"": 0.006333109922707081, ""total"": 2.031042007729411}",0,0,0,256,0.0,0.0,0.5039415478570108,1.4960584521429892
diffusion,explicit_euler,numpy,warm,0.001953125,final_only,"[20, 16]",0.07,"[0.0, 0.0]",zero_flux,2.0886879647150636,2.2635964094661176,2.200935214801751e-05,4.367170063734882e-05,4,2.3222080199047923,"{""matrix"": 0.0, ""factorization"": 0.0, ""advance"": 2.195887267589569, ""conversion"": 0.009875046089291573, ""output"": 0.014499993994832039, ""total"": 2.303292043507099}",0,0,0,256,0.0,0.0,0.5039415478570108,1.4960584521429892
diffusion,explicit_euler,numpy,warm,0.001953125,final_only,"[20, 16]",0.07,"[0.0, 0.0]",zero_flux,2.0886879647150636,2.2635964094661176,2.200935214801751e-05,4.367170063734882e-05,5,2.0767500391229987,"{""matrix"": 0.0, ""factorization"": 0.0, ""advance"": 1.9620525417849422, ""conversion"": 0.017125043086707592, ""output"": 0.006999005563557148, ""total"": 2.0648339996114373}",0,0,0,256,0.0,0.0,0.5039415478570108,1.4960584521429892
diffusion,explicit_euler,numpy,warm,0.001953125,final_only,"[20, 16]",0.07,"[0.0, 0.0]",zero_flux,2.0886879647150636,2.2635964094661176,2.200935214801751e-05,4.367170063734882e-05,6,2.084958949126303,"{""matrix"": 0.0, ""factorization"": 0.0, ""advance"": 1.984219066798687, ""conversion"": 0.011208932846784592, ""output"": 0.005541951395571232, ""total"": 2.0759999752044678}",0,0,0,256,0.0,0.0,0.5039415478570108,1.4960584521429892
diffusion,explicit_euler,numpy,warm,0.001953125,final_only,"[20, 16]",0.07,"[0.0, 0.0]",zero_flux,2.0886879647150636,2.2635964094661176,2.200935214801751e-05,4.367170063734882e-05,7,2.0713340491056442,"{""matrix"": 0.0, ""factorization"": 0.0, ""advance"": 1.9707106985151768, ""conversion"": 0.008790986612439156, ""output"": 0.007500057108700275, ""total"": 2.0603330340236425}",0,0,0,256,0.0,0.0,0.5039415478570108,1.4960584521429892
diffusion,explicit_euler,numpy,warm,0.001953125,final_only,"[20, 16]",0.07,"[0.0, 0.0]",zero_flux,2.0886879647150636,2.2635964094661176,2.200935214801751e-05,4.367170063734882e-05,8,2.024209010414779,"{""matrix"": 0.0, ""factorization"": 0.0, ""advance"": 1.926753669977188, ""conversion"": 0.0100000761449337, ""output"": 0.00529095996171236, ""total"": 2.015374950133264}",0,0,0,256,0.0,0.0,0.5039415478570108,1.4960584521429892
diffusion,explicit_euler,numpy,warm,0.001953125,final_only,"[20, 16]",0.07,"[0.0, 0.0]",zero_flux,2.0886879647150636,2.2635964094661176,2.200935214801751e-05,4.367170063734882e-05,9,2.092416980303824,"{""matrix"": 0.0, ""factorization"": 0.0, ""advance"": 1.9956056494265795, ""conversion"": 0.008458970114588737, ""output"": 0.005249050445854664, ""total"": 2.083791885524988}",0,0,0,256,0.0,0.0,0.5039415478570108,1.4960584521429892
diffusion,backward_euler,scipy,cold,0.125,final_only,"[20, 16]",0.07,"[0.0, 0.0]",zero_flux,0.6250839796848595,0.7112249382771552,0.0013587431530663618,0.0026960641014808218,0,0.7104999385774136,"{""matrix"": 0.29091699980199337, ""factorization"": 0.2744999947026372, ""advance"": 0.10287598706781864, ""conversion"": 0.010915915481746197, ""output"": 0.0072499969974160194, ""total"": 0.6982500199228525}",1,3,110316,4,1.4802973661668753e-15,7.828264900374865e-16,0.5039415478570108,1.4960584521429892
diffusion,backward_euler,scipy,cold,0.125,final_only,"[20, 16]",0.07,"[0.0, 0.0]",zero_flux,0.6250839796848595,0.7112249382771552,0.0013587431530663618,0.0026960641014808218,1,0.6883749738335609,"{""matrix"": 0.31329202465713024, ""factorization"": 0.2247910015285015, ""advance"": 0.1069589052349329, ""conversion"": 0.011582975275814533, ""output"": 0.007375027053058147, ""total"": 0.6764170248061419}",1,3,110316,4,1.4802973661668753e-15,7.828264900374865e-16,0.5039415478570108,1.4960584521429892
diffusion,backward_euler,scipy,cold,0.125,final_only,"[20, 16]",0.07,"[0.0, 0.0]",zero_flux,0.6250839796848595,0.7112249382771552,0.0013587431530663618,0.0026960641014808218,2,0.6403750739991665,"{""matrix"": 0.29691599775105715, ""factorization"": 0.2050419570878148, ""advance"": 0.09741599205881357, ""conversion"": 0.012165983207523823, ""output"": 0.006457907147705555, ""total"": 0.6300830282270908}",1,3,110316,4,1.4802973661668753e-15,7.828264900374865e-16,0.5039415478570108,1.4960584521429892
diffusion,backward_euler,scipy,cold,0.125,final_only,"[20, 16]",0.07,"[0.0, 0.0]",zero_flux,0.6250839796848595,0.7112249382771552,0.0013587431530663618,0.0026960641014808218,3,0.6320839747786522,"{""matrix"": 0.308999908156693, ""factorization"": 0.17387501429766417, ""advance"": 0.10600010864436626, ""conversion"": 0.012042000889778137, ""output"": 0.007832888513803482, ""total"": 0.6207500118762255}",1,3,110316,4,1.4802973661668753e-15,7.828264900374865e-16,0.5039415478570108,1.4960584521429892
diffusion,backward_euler,scipy,cold,0.125,final_only,"[20, 16]",0.07,"[0.0, 0.0]",zero_flux,0.6250839796848595,0.7112249382771552,0.0013587431530663618,0.0026960641014808218,4,0.7177499355748296,"{""matrix"": 0.3106669755652547, ""factorization"": 0.2692500129342079, ""advance"": 0.0975410221144557, ""conversion"": 0.011790893040597439, ""output"": 0.006417045369744301, ""total"": 0.7077499758452177}",1,3,110316,4,1.4802973661668753e-15,7.828264900374865e-16,0.5039415478570108,1.4960584521429892
diffusion,backward_euler,scipy,cold,0.125,final_only,"[20, 16]",0.07,"[0.0, 0.0]",zero_flux,0.6250839796848595,0.7112249382771552,0.0013587431530663618,0.0026960641014808218,5,0.6180839845910668,"{""matrix"": 0.3049579681828618, ""factorization"": 0.16354199033230543, ""advance"": 0.1075410982593894, ""conversion"": 0.011541997082531452, ""output"": 0.0072909751906991005, ""total"": 0.6067909998819232}",1,3,110316,4,1.4802973661668753e-15,7.828264900374865e-16,0.5039415478570108,1.4960584521429892
diffusion,backward_euler,scipy,cold,0.125,final_only,"[20, 16]",0.07,"[0.0, 0.0]",zero_flux,0.6250839796848595,0.7112249382771552,0.0013587431530663618,0.0026960641014808218,6,0.6141250487416983,"{""matrix"": 0.2929999027401209, ""factorization"": 0.1704589230939746, ""advance"": 0.10816508438438177, ""conversion"": 0.011665979400277138, ""output"": 0.007291906513273716, ""total"": 0.6028329953551292}",1,3,110316,4,1.4802973661668753e-15,7.828264900374865e-16,0.5039415478570108,1.4960584521429892
diffusion,backward_euler,scipy,cold,0.125,final_only,"[20, 16]",0.07,"[0.0, 0.0]",zero_flux,0.6250839796848595,0.7112249382771552,0.0013587431530663618,0.0026960641014808218,7,0.598207931034267,"{""matrix"": 0.2984580351039767, ""factorization"": 0.16333290841430426, ""advance"": 0.09625102393329144, ""conversion"": 0.01066701952368021, ""output"": 0.007332884706556797, ""total"": 0.5874170456081629}",1,3,110316,4,1.4802973661668753e-15,7.828264900374865e-16,0.5039415478570108,1.4960584521429892
diffusion,backward_euler,scipy,cold,0.125,final_only,"[20, 16]",0.07,"[0.0, 0.0]",zero_flux,0.6250839796848595,0.7112249382771552,0.0013587431530663618,0.0026960641014808218,8,0.6097919540479779,"{""matrix"": 0.30133407562971115, ""factorization"": 0.16079202760010958, ""advance"": 0.10570988524705172, ""conversion"": 0.011457945220172405, ""output"": 0.007292022928595543, ""total"": 0.5986670730635524}",1,3,110316,4,1.4802973661668753e-15,7.828264900374865e-16,0.5039415478570108,1.4960584521429892
diffusion,backward_euler,scipy,cold,0.125,final_only,"[20, 16]",0.07,"[0.0, 0.0]",zero_flux,0.6250839796848595,0.7112249382771552,0.0013587431530663618,0.0026960641014808218,9,0.6073330296203494,"{""matrix"": 0.2952910726889968, ""factorization"": 0.16779196448624134, ""advance"": 0.10441616177558899, ""conversion"": 0.011541997082531452, ""output"": 0.006250105798244476, ""total"": 0.5972500657662749}",1,3,110316,4,1.4802973661668753e-15,7.828264900374865e-16,0.5039415478570108,1.4960584521429892
diffusion,backward_euler,scipy,warm,0.125,final_only,"[20, 16]",0.07,"[0.0, 0.0]",zero_flux,0.3999170148745179,0.40854555554687977,0.0013587431530663618,0.0026960641014808218,0,0.4079170757904649,"{""matrix"": 0.3047080244868994, ""factorization"": 0.0, ""advance"": 0.06237498018890619, ""conversion"": 0.010792049579322338, ""output"": 0.006792019121348858, ""total"": 0.39658299647271633}",0,4,110316,4,1.4802973661668753e-15,7.828264900374865e-16,0.5039415478570108,1.4960584521429892
diffusion,backward_euler,scipy,warm,0.125,final_only,"[20, 16]",0.07,"[0.0, 0.0]",zero_flux,0.3999170148745179,0.40854555554687977,0.0013587431530663618,0.0026960641014808218,1,0.40479202289134264,"{""matrix"": 0.30554202385246754, ""factorization"": 0.0, ""advance"": 0.06141688209027052, ""conversion"": 0.01058308407664299, ""output"": 0.006208079867064953, ""total"": 0.3950000973418355}",0,4,110316,4,1.4802973661668753e-15,7.828264900374865e-16,0.5039415478570108,1.4960584521429892
diffusion,backward_euler,scipy,warm,0.125,final_only,"[20, 16]",0.07,"[0.0, 0.0]",zero_flux,0.3999170148745179,0.40854555554687977,0.0013587431530663618,0.0026960641014808218,2,0.40845805779099464,"{""matrix"": 0.3047500504180789, ""factorization"": 0.0, ""advance"": 0.06570806726813316, ""conversion"": 0.009584007784724236, ""output"": 0.00700005330145359, ""total"": 0.3977499436587095}",0,4,110316,4,1.4802973661668753e-15,7.828264900374865e-16,0.5039415478570108,1.4960584521429892
diffusion,backward_euler,scipy,warm,0.125,final_only,"[20, 16]",0.07,"[0.0, 0.0]",zero_flux,0.3999170148745179,0.40854555554687977,0.0013587431530663618,0.0026960641014808218,3,0.3962080227211118,"{""matrix"": 0.2900830004364252, ""factorization"": 0.0, ""advance"": 0.06612413562834263, ""conversion"": 0.010624993592500687, ""output"": 0.006791902706027031, ""total"": 0.38533296901732683}",0,4,110316,4,1.4802973661668753e-15,7.828264900374865e-16,0.5039415478570108,1.4960584521429892
diffusion,backward_euler,scipy,warm,0.125,final_only,"[20, 16]",0.07,"[0.0, 0.0]",zero_flux,0.3999170148745179,0.40854555554687977,0.0013587431530663618,0.0026960641014808218,4,0.3991670673713088,"{""matrix"": 0.29454194009304047, ""factorization"": 0.0, ""advance"": 0.0652919989079237, ""conversion"": 0.010500079952180386, ""output"": 0.0069160014390945435, ""total"": 0.3886660560965538}",0,4,110316,4,1.4802973661668753e-15,7.828264900374865e-16,0.5039415478570108,1.4960584521429892
diffusion,backward_euler,scipy,warm,0.125,final_only,"[20, 16]",0.07,"[0.0, 0.0]",zero_flux,0.3999170148745179,0.40854555554687977,0.0013587431530663618,0.0026960641014808218,5,0.40066696237772703,"{""matrix"": 0.2989580389112234, ""factorization"": 0.0, ""advance"": 0.06262422539293766, ""conversion"": 0.010333023965358734, ""output"": 0.006875023245811462, ""total"": 0.39012497290968895}",0,4,110316,4,1.4802973661668753e-15,7.828264900374865e-16,0.5039415478570108,1.4960584521429892
diffusion,backward_euler,scipy,warm,0.125,final_only,"[20, 16]",0.07,"[0.0, 0.0]",zero_flux,0.3999170148745179,0.40854555554687977,0.0013587431530663618,0.0026960641014808218,6,0.39783294778317213,"{""matrix"": 0.30037504620850086, ""factorization"": 0.0, ""advance"": 0.0599580816924572, ""conversion"": 0.010458985343575478, ""output"": 0.006249989382922649, ""total"": 0.3883340395987034}",0,4,110316,4,1.4802973661668753e-15,7.828264900374865e-16,0.5039415478570108,1.4960584521429892
diffusion,backward_euler,scipy,warm,0.125,final_only,"[20, 16]",0.07,"[0.0, 0.0]",zero_flux,0.3999170148745179,0.40854555554687977,0.0013587431530663618,0.0026960641014808218,7,0.4093330353498459,"{""matrix"": 0.30520791187882423, ""factorization"": 0.0, ""advance"": 0.06529095117002726, ""conversion"": 0.010041054338216782, ""output"": 0.006832997314631939, ""total"": 0.3988329553976655}",0,4,110316,4,1.4802973661668753e-15,7.828264900374865e-16,0.5039415478570108,1.4960584521429892
diffusion,backward_euler,scipy,warm,0.125,final_only,"[20, 16]",0.07,"[0.0, 0.0]",zero_flux,0.3999170148745179,0.40854555554687977,0.0013587431530663618,0.0026960641014808218,8,0.39599998854100704,"{""matrix"": 0.29137497767806053, ""factorization"": 0.0, ""advance"": 0.06562599446624517, ""conversion"": 0.010417075827717781, ""output"": 0.006584101356565952, ""total"": 0.38537499494850636}",0,4,110316,4,1.4802973661668753e-15,7.828264900374865e-16,0.5039415478570108,1.4960584521429892
diffusion,backward_euler,scipy,warm,0.125,final_only,"[20, 16]",0.07,"[0.0, 0.0]",zero_flux,0.3999170148745179,0.40854555554687977,0.0013587431530663618,0.0026960641014808218,9,0.39587507490068674,"{""matrix"": 0.2922080457210541, ""factorization"": 0.0, ""advance"": 0.06454193498939276, ""conversion"": 0.01033395528793335, ""output"": 0.006875023245811462, ""total"": 0.3853340167552233}",0,4,110316,4,1.4802973661668753e-15,7.828264900374865e-16,0.5039415478570108,1.4960584521429892
diffusion,backward_euler,scipy,cold,0.0625,final_only,"[20, 16]",0.07,"[0.0, 0.0]",zero_flux,0.6536245346069336,0.7729753269813954,0.0006913867342492773,0.001371872932896312,0,0.6761659169569612,"{""matrix"": 0.29912497848272324, ""factorization"": 0.17625000327825546, ""advance"": 0.16029109247028828, ""conversion"": 0.009958981536328793, ""output"": 0.0069158850237727165, ""total"": 0.6654160097241402}",1,7,110316,8,1.0362081563168126e-15,5.283089050361231e-16,0.5039415478570108,1.4960584521429892
diffusion,backward_euler,scipy,cold,0.0625,final_only,"[20, 16]",0.07,"[0.0, 0.0]",zero_flux,0.6536245346069336,0.7729753269813954,0.0006913867342492773,0.001371872932896312,1,0.9399999398738146,"{""matrix"": 0.4130419110879302, ""factorization"": 0.3018750576302409, ""advance"": 0.17745897639542818, ""conversion"": 0.011416035704314709, ""output"": 0.00787398312240839, ""total"": 0.9275829652324319}",1,7,110316,8,1.0362081563168126e-15,5.283089050361231e-16,0.5039415478570108,1.4960584521429892
diffusion,backward_euler,scipy,cold,0.0625,final_only,"[20, 16]",0.07,"[0.0, 0.0]",zero_flux,0.6536245346069336,0.7729753269813954,0.0006913867342492773,0.001371872932896312,2,0.7544170366600156,"{""matrix"": 0.30562502797693014, ""factorization"": 0.24670804850757122, ""advance"": 0.15824974980205297, ""conversion"": 0.011458061635494232, ""output"": 0.007209018804132938, ""total"": 0.7428750395774841}",1,7,110316,8,1.0362081563168126e-15,5.283089050361231e-16,0.5039415478570108,1.4960584521429892
diffusion,backward_euler,scipy,cold,0.0625,final_only,"[20, 16]",0.07,"[0.0, 0.0]",zero_flux,0.6536245346069336,0.7729753269813954,0.0006913867342492773,0.001371872932896312,3,0.6886669434607029,"{""matrix"": 0.28799998108297586, ""factorization"": 0.2067500026896596, ""advance"": 0.15250116121023893, ""conversion"": 0.010792049579322338, ""output"": 0.006834045052528381, ""total"": 0.6780000403523445}",1,7,110316,8,1.0362081563168126e-15,5.283089050361231e-16,0.5039415478570108,1.4960584521429892
diffusion,backward_euler,scipy,cold,0.0625,final_only,"[20, 16]",0.07,"[0.0, 0.0]",zero_flux,0.6536245346069336,0.7729753269813954,0.0006913867342492773,0.001371872932896312,4,0.658791046589613,"{""matrix"": 0.2828749129548669, ""factorization"": 0.18329103477299213, ""advance"": 0.15066703781485558, ""conversion"": 0.010499963536858559, ""output"": 0.0066659413278102875, ""total"": 0.6467080675065517}",1,7,110316,8,1.0362081563168126e-15,5.283089050361231e-16,0.5039415478570108,1.4960584521429892
diffusion,backward_euler,scipy,cold,0.0625,final_only,"[20, 16]",0.07,"[0.0, 0.0]",zero_flux,0.6536245346069336,0.7729753269813954,0.0006913867342492773,0.001371872932896312,5,0.6357500096783042,"{""matrix"": 0.2790420548990369, ""factorization"": 0.16970804426819086, ""advance"": 0.14737492892891169, ""conversion"": 0.010332907550036907, ""output"": 0.006458023563027382, ""total"": 0.6254999898374081}",1,7,110316,8,1.0362081563168126e-15,5.283089050361231e-16,0.5039415478570108,1.4960584521429892
diffusion,backward_euler,scipy,cold,0.0625,final_only,"[20, 16]",0.07,"[0.0, 0.0]",zero_flux,0.6536245346069336,0.7729753269813954,0.0006913867342492773,0.001371872932896312,6,0.6426250329241157,"{""matrix"": 0.2829169388860464, ""factorization"": 0.174041953869164, ""advance"": 0.14658260624855757, ""conversion"": 0.009958981536328793, ""output"": 0.006499933078885078, ""total"": 0.6325410213321447}",1,7,110316,8,1.0362081563168126e-15,5.283089050361231e-16,0.5039415478570108,1.4960584521429892
diffusion,backward_euler,scipy,cold,0.0625,final_only,"[20, 16]",0.07,"[0.0, 0.0]",zero_flux,0.6536245346069336,0.7729753269813954,0.0006913867342492773,0.001371872932896312,7,0.6484580226242542,"{""matrix"": 0.2942499704658985, ""factorization"": 0.16658403910696507, ""advance"": 0.14616583939641714, ""conversion"": 0.009958050213754177, ""output"": 0.006499933078885078, ""total"": 0.636290991678834}",1,7,110316,8,1.0362081563168126e-15,5.283089050361231e-16,0.5039415478570108,1.4960584521429892
diffusion,backward_euler,scipy,cold,0.0625,final_only,"[20, 16]",0.07,"[0.0, 0.0]",zero_flux,0.6536245346069336,0.7729753269813954,0.0006913867342492773,0.001371872932896312,8,0.6318329833447933,"{""matrix"": 0.2780420472845435, ""factorization"": 0.15125004574656487, ""advance"": 0.16154279001057148, ""conversion"": 0.009833020158112049, ""output"": 0.007208087481558323, ""total"": 0.6206670077517629}",1,7,110316,8,1.0362081563168126e-15,5.283089050361231e-16,0.5039415478570108,1.4960584521429892
diffusion,backward_euler,scipy,cold,0.0625,final_only,"[20, 16]",0.07,"[0.0, 0.0]",zero_flux,0.6536245346069336,0.7729753269813954,0.0006913867342492773,0.001371872932896312,9,0.6367500172927976,"{""matrix"": 0.29966607689857483, ""factorization"": 0.15120801981538534, ""advance"": 0.14562590513378382, ""conversion"": 0.011124997399747372, ""output"": 0.006415997631847858, ""total"": 0.6267919670790434}",1,7,110316,8,1.0362081563168126e-15,5.283089050361231e-16,0.5039415478570108,1.4960584521429892
diffusion,backward_euler,scipy,warm,0.0625,final_only,"[20, 16]",0.07,"[0.0, 0.0]",zero_flux,0.4532080492936075,0.4794413689523935,0.0006913867342492773,0.001371872932896312,0,0.4592500627040863,"{""matrix"": 0.30637497548013926, ""factorization"": 0.0, ""advance"": 0.11249980889260769, ""conversion"": 0.010916031897068024, ""output"": 0.006207963451743126, ""total"": 0.44891703873872757}",0,8,110316,8,1.0362081563168126e-15,5.283089050361231e-16,0.5039415478570108,1.4960584521429892
diffusion,backward_euler,scipy,warm,0.0625,final_only,"[20, 16]",0.07,"[0.0, 0.0]",zero_flux,0.4532080492936075,0.4794413689523935,0.0006913867342492773,0.001371872932896312,1,0.4499169299378991,"{""matrix"": 0.29608397744596004, ""factorization"": 0.0, ""advance"": 0.11558388359844685, ""conversion"": 0.009707990102469921, ""output"": 0.006250105798244476, ""total"": 0.43999997433274984}",0,8,110316,8,1.0362081563168126e-15,5.283089050361231e-16,0.5039415478570108,1.4960584521429892
diffusion,backward_euler,scipy,warm,0.0625,final_only,"[20, 16]",0.07,"[0.0, 0.0]",zero_flux,0.4532080492936075,0.4794413689523935,0.0006913867342492773,0.001371872932896312,2,0.45620789751410484,"{""matrix"": 0.2965829335153103, ""factorization"": 0.0, ""advance"": 0.12129126116633415, ""conversion"": 0.00966701190918684, ""output"": 0.0063749030232429504, ""total"": 0.44620793778449297}",0,8,110316,8,1.0362081563168126e-15,5.283089050361231e-16,0.5039415478570108,1.4960584521429892
diffusion,backward_euler,scipy,warm,0.0625,final_only,"[20, 16]",0.07,"[0.0, 0.0]",zero_flux,0.4532080492936075,0.4794413689523935,0.0006913867342492773,0.001371872932896312,3,0.46083296183496714,"{""matrix"": 0.295999925583601, ""factorization"": 0.0, ""advance"": 0.12416613753885031, ""conversion"": 0.010165967978537083, ""output"": 0.007082941010594368, ""total"": 0.4498750204220414}",0,8,110316,8,1.0362081563168126e-15,5.283089050361231e-16,0.5039415478570108,1.4960584521429892
diffusion,backward_euler,scipy,warm,0.0625,final_only,"[20, 16]",0.07,"[0.0, 0.0]",zero_flux,0.4532080492936075,0.4794413689523935,0.0006913867342492773,0.001371872932896312,4,0.45250006951391697,"{""matrix"": 0.2880420070141554, ""factorization"": 0.0, ""advance"": 0.12424797751009464, ""conversion"": 0.009791925549507141, ""output"": 0.006833928637206554, ""total"": 0.441540963947773}",0,8,110316,8,1.0362081563168126e-15,5.283089050361231e-16,0.5039415478570108,1.4960584521429892
diffusion,backward_euler,scipy,warm,0.0625,final_only,"[20, 16]",0.07,"[0.0, 0.0]",zero_flux,0.4532080492936075,0.4794413689523935,0.0006913867342492773,0.001371872932896312,5,0.44941704254597425,"{""matrix"": 0.28383301105350256, ""factorization"": 0.0, ""advance"": 0.12387509923428297, ""conversion"": 0.010709045454859734, ""output"": 0.006833113729953766, ""total"": 0.4384999629110098}",0,8,110316,8,1.0362081563168126e-15,5.283089050361231e-16,0.5039415478570108,1.4960584521429892
diffusion,backward_euler,scipy,warm,0.0625,final_only,"[20, 16]",0.07,"[0.0, 0.0]",zero_flux,0.4532080492936075,0.4794413689523935,0.0006913867342492773,0.001371872932896312,6,0.453916029073298,"{""matrix"": 0.28562499210238457, ""factorization"": 0.0, ""advance"": 0.12666790280491114, ""conversion"": 0.010417075827717781, ""output"": 0.007041962817311287, ""total"": 0.44316600542515516}",0,8,110316,8,1.0362081563168126e-15,5.283089050361231e-16,0.5039415478570108,1.4960584521429892
diffusion,backward_euler,scipy,warm,0.0625,final_only,"[20, 16]",0.07,"[0.0, 0.0]",zero_flux,0.4532080492936075,0.4794413689523935,0.0006913867342492773,0.001371872932896312,7,0.44666591566056013,"{""matrix"": 0.2814170438796282, ""factorization"": 0.0, ""advance"": 0.12374797370284796, ""conversion"": 0.010499963536858559, ""output"": 0.006958143785595894, ""total"": 0.43608294799923897}",0,8,110316,8,1.0362081563168126e-15,5.283089050361231e-16,0.5039415478570108,1.4960584521429892
diffusion,backward_euler,scipy,warm,0.0625,final_only,"[20, 16]",0.07,"[0.0, 0.0]",zero_flux,0.4532080492936075,0.4794413689523935,0.0006913867342492773,0.001371872932896312,8,0.45066606253385544,"{""matrix"": 0.2867920557036996, ""factorization"": 0.0, ""advance"": 0.11920800898224115, ""conversion"": 0.010416959412395954, ""output"": 0.00758306123316288, ""total"": 0.43699995148926973}",0,8,110316,8,1.0362081563168126e-15,5.283089050361231e-16,0.5039415478570108,1.4960584521429892
diffusion,backward_euler,scipy,warm,0.0625,final_only,"[20, 16]",0.07,"[0.0, 0.0]",zero_flux,0.4532080492936075,0.4794413689523935,0.0006913867342492773,0.001371872932896312,9,0.6469170330092311,"{""matrix"": 0.45974995009601116, ""factorization"": 0.0, ""advance"": 0.13675109948962927, ""conversion"": 0.011875061318278313, ""output"": 0.008624978363513947, ""total"": 0.6332909688353539}",0,8,110316,8,1.0362081563168126e-15,5.283089050361231e-16,0.5039415478570108,1.4960584521429892
diffusion,backward_euler,scipy,cold,0.03125,final_only,"[20, 16]",0.07,"[0.0, 0.0]",zero_flux,0.7918334449641407,0.8435206254944205,0.0003487894871135749,0.0006920798924063831,0,0.8402080275118351,"{""matrix"": 0.2810000441968441, ""factorization"": 0.2465000143274665, ""advance"": 0.2674137940630317, ""conversion"": 0.010417075827717781, ""output"": 0.007417052984237671, ""total"": 0.8284579962491989}",1,15,110316,16,1.6283271027835627e-15,3.6056658319188084e-16,0.5039415478570108,1.4960584521429892
diffusion,backward_euler,scipy,cold,0.03125,final_only,"[20, 16]",0.07,"[0.0, 0.0]",zero_flux,0.7918334449641407,0.8435206254944205,0.0003487894871135749,0.0006920798924063831,1,0.801375019364059,"{""matrix"": 0.2821669913828373, ""factorization"": 0.20787492394447327, ""advance"": 0.2647917717695236, ""conversion"": 0.011416035704314709, ""output"": 0.007416936568915844, ""total"": 0.7895419839769602}",1,15,110316,16,1.6283271027835627e-15,3.6056658319188084e-16,0.5039415478570108,1.4960584521429892
diffusion,backward_euler,scipy,cold,0.03125,final_only,"[20, 16]",0.07,"[0.0, 0.0]",zero_flux,0.7918334449641407,0.8435206254944205,0.0003487894871135749,0.0006920798924063831,2,0.8024160051718354,"{""matrix"": 0.2994580427184701, ""factorization"": 0.1877910690382123, ""advance"": 0.27029099874198437, ""conversion"": 0.012167030945420265, ""output"": 0.00649911817163229, ""total"": 0.7922089425846934}",1,15,110316,16,1.6283271027835627e-15,3.6056658319188084e-16,0.5039415478570108,1.4960584521429892
diffusion,backward_euler,scipy,cold,0.03125,final_only,"[20, 16]",0.07,"[0.0, 0.0]",zero_flux,0.7918334449641407,0.8435206254944205,0.0003487894871135749,0.0006920798924063831,3,0.7938329363241792,"{""matrix"": 0.300041981972754, ""factorization"": 0.17283298075199127, ""advance"": 0.27570698875933886, ""conversion"": 0.010832911357283592, ""output"": 0.007041962817311287, ""total"": 0.7826669607311487}",1,15,110316,16,1.6283271027835627e-15,3.6056658319188084e-16,0.5039415478570108,1.4960584521429892
diffusion,backward_euler,scipy,cold,0.03125,final_only,"[20, 16]",0.07,"[0.0, 0.0]",zero_flux,0.7918334449641407,0.8435206254944205,0.0003487894871135749,0.0006920798924063831,4,0.7872499991208315,"{""matrix"": 0.2944159787148237, ""factorization"": 0.17979193944483995, ""advance"": 0.26608386542648077, ""conversion"": 0.011958996765315533, ""output"": 0.007416121661663055, ""total"": 0.775999971665442}",1,15,110316,16,1.6283271027835627e-15,3.6056658319188084e-16,0.5039415478570108,1.4960584521429892
diffusion,backward_euler,scipy,cold,0.03125,final_only,"[20, 16]",0.07,"[0.0, 0.0]",zero_flux,0.7918334449641407,0.8435206254944205,0.0003487894871135749,0.0006920798924063831,5,0.7823749911040068,"{""matrix"": 0.29679201543331146, ""factorization"": 0.171166961081326, ""advance"": 0.2702106721699238, ""conversion"": 0.011917087249457836, ""output"": 0.006415997631847858, ""total"": 0.7724580354988575}",1,15,110316,16,1.6283271027835627e-15,3.6056658319188084e-16,0.5039415478570108,1.4960584521429892
diffusion,backward_euler,scipy,cold,0.03125,final_only,"[20, 16]",0.07,"[0.0, 0.0]",zero_flux,0.7918334449641407,0.8435206254944205,0.0003487894871135749,0.0006920798924063831,6,0.7880000630393624,"{""matrix"": 0.3106669755652547, ""factorization"": 0.1603339333087206, ""advance"": 0.2726649399846792, ""conversion"": 0.010333023965358734, ""output"": 0.0072499969974160194, ""total"": 0.7769169751554728}",1,15,110316,16,1.6283271027835627e-15,3.6056658319188084e-16,0.5039415478570108,1.4960584521429892
diffusion,backward_euler,scipy,cold,0.03125,final_only,"[20, 16]",0.07,"[0.0, 0.0]",zero_flux,0.7918334449641407,0.8435206254944205,0.0003487894871135749,0.0006920798924063831,7,0.7795830024406314,"{""matrix"": 0.295833102427423, ""factorization"": 0.1717080594971776, ""advance"": 0.2656668657436967, ""conversion"": 0.01166702713817358, ""output"": 0.0072498805820941925, ""total"": 0.7682089926674962}",1,15,110316,16,1.6283271027835627e-15,3.6056658319188084e-16,0.5039415478570108,1.4960584521429892
diffusion,backward_euler,scipy,cold,0.03125,final_only,"[20, 16]",0.07,"[0.0, 0.0]",zero_flux,0.7918334449641407,0.8435206254944205,0.0003487894871135749,0.0006920798924063831,8,0.7898339536041021,"{""matrix"": 0.29783393256366253, ""factorization"": 0.1675420207902789, ""advance"": 0.2800829242914915, ""conversion"": 0.011584023013710976, ""output"": 0.006458954885601997, ""total"": 0.7797919679433107}",1,15,110316,16,1.6283271027835627e-15,3.6056658319188084e-16,0.5039415478570108,1.4960584521429892
diffusion,backward_euler,scipy,cold,0.03125,final_only,"[20, 16]",0.07,"[0.0, 0.0]",zero_flux,0.7918334449641407,0.8435206254944205,0.0003487894871135749,0.0006920798924063831,9,0.8733340073376894,"{""matrix"": 0.31058292370289564, ""factorization"": 0.16116607002913952, ""advance"": 0.3499169833958149, ""conversion"": 0.01058308407664299, ""output"": 0.009082956239581108, ""total"": 0.8588330820202827}",1,15,110316,16,1.6283271027835627e-15,3.6056658319188084e-16,0.5039415478570108,1.4960584521429892
diffusion,backward_euler,scipy,warm,0.03125,final_only,"[20, 16]",0.07,"[0.0, 0.0]",zero_flux,0.5610000225715339,0.5664627416990697,0.0003487894871135749,0.0006920798924063831,0,0.5691249389201403,"{""matrix"": 0.30445901211351156, ""factorization"": 0.0, ""advance"": 0.21874927915632725, ""conversion"": 0.011625001206994057, ""output"": 0.0069999368861317635, ""total"": 0.5575829418376088}",0,16,110316,16,1.6283271027835627e-15,3.6056658319188084e-16,0.5039415478570108,1.4960584521429892
diffusion,backward_euler,scipy,warm,0.03125,final_only,"[20, 16]",0.07,"[0.0, 0.0]",zero_flux,0.5610000225715339,0.5664627416990697,0.0003487894871135749,0.0006920798924063831,1,0.543333007954061,"{""matrix"": 0.28608308639377356, ""factorization"": 0.0, ""advance"": 0.21528988145291805, ""conversion"": 0.01025001984089613, ""output"": 0.006666057743132114, ""total"": 0.5328330444172025}",0,16,110316,16,1.6283271027835627e-15,3.6056658319188084e-16,0.5039415478570108,1.4960584521429892
diffusion,backward_euler,scipy,warm,0.03125,final_only,"[20, 16]",0.07,"[0.0, 0.0]",zero_flux,0.5610000225715339,0.5664627416990697,0.0003487894871135749,0.0006920798924063831,2,0.5325420061126351,"{""matrix"": 0.278000021353364, ""factorization"": 0.0, ""advance"": 0.21391897462308407, ""conversion"": 0.009874929673969746, ""output"": 0.006374088115990162, ""total"": 0.522583955898881}",0,16,110316,16,1.6283271027835627e-15,3.6056658319188084e-16,0.5039415478570108,1.4960584521429892
diffusion,backward_euler,scipy,warm,0.03125,final_only,"[20, 16]",0.07,"[0.0, 0.0]",zero_flux,0.5610000225715339,0.5664627416990697,0.0003487894871135749,0.0006920798924063831,3,0.5510840564966202,"{""matrix"": 0.28549996204674244, ""factorization"": 0.0, ""advance"": 0.22304081358015537, ""conversion"": 0.009666895493865013, ""output"": 0.007082941010594368, ""total"": 0.5403750110417604}",0,16,110316,16,1.6283271027835627e-15,3.6056658319188084e-16,0.5039415478570108,1.4960584521429892
diffusion,backward_euler,scipy,warm,0.03125,final_only,"[20, 16]",0.07,"[0.0, 0.0]",zero_flux,0.5610000225715339,0.5664627416990697,0.0003487894871135749,0.0006920798924063831,4,0.5506670568138361,"{""matrix"": 0.29316695872694254, ""factorization"": 0.0, ""advance"": 0.2139562275260687, ""conversion"": 0.010750023648142815, ""output"": 0.007125083357095718, ""total"": 0.5399580113589764}",0,16,110316,16,1.6283271027835627e-15,3.6056658319188084e-16,0.5039415478570108,1.4960584521429892
diffusion,backward_euler,scipy,warm,0.03125,final_only,"[20, 16]",0.07,"[0.0, 0.0]",zero_flux,0.5610000225715339,0.5664627416990697,0.0003487894871135749,0.0006920798924063831,5,0.5640409654006362,"{""matrix"": 0.2882919507101178, ""factorization"": 0.0, ""advance"": 0.23225171025842428, ""conversion"": 0.010500079952180386, ""output"": 0.006958027370274067, ""total"": 0.5535410018637776}",0,16,110316,16,1.6283271027835627e-15,3.6056658319188084e-16,0.5039415478570108,1.4960584521429892
diffusion,backward_euler,scipy,warm,0.03125,final_only,"[20, 16]",0.07,"[0.0, 0.0]",zero_flux,0.5610000225715339,0.5664627416990697,0.0003487894871135749,0.0006920798924063831,6,0.5644588964059949,"{""matrix"": 0.28370798099786043, ""factorization"": 0.0, ""advance"": 0.23716490250080824, ""conversion"": 0.010499963536858559, ""output"": 0.007125083357095718, ""total"": 0.5540408892557025}",0,16,110316,16,1.6283271027835627e-15,3.6056658319188084e-16,0.5039415478570108,1.4960584521429892
diffusion,backward_euler,scipy,warm,0.03125,final_only,"[20, 16]",0.07,"[0.0, 0.0]",zero_flux,0.5610000225715339,0.5664627416990697,0.0003487894871135749,0.0006920798924063831,7,0.5661669420078397,"{""matrix"": 0.2871250035241246, ""factorization"": 0.0, ""advance"": 0.23704220075160265, ""conversion"": 0.010499963536858559, ""output"": 0.0063749030232429504, ""total"": 0.5567499902099371}",0,16,110316,16,1.6283271027835627e-15,3.6056658319188084e-16,0.5039415478570108,1.4960584521429892
diffusion,backward_euler,scipy,warm,0.03125,final_only,"[20, 16]",0.07,"[0.0, 0.0]",zero_flux,0.5610000225715339,0.5664627416990697,0.0003487894871135749,0.0006920798924063831,8,0.5580839933827519,"{""matrix"": 0.28849998489022255, ""factorization"": 0.0, ""advance"": 0.22974808234721422, ""conversion"": 0.009750016033649445, ""output"": 0.006292015314102173, ""total"": 0.5485829897224903}",0,16,110316,16,1.6283271027835627e-15,3.6056658319188084e-16,0.5039415478570108,1.4960584521429892
diffusion,backward_euler,scipy,warm,0.03125,final_only,"[20, 16]",0.07,"[0.0, 0.0]",zero_flux,0.5610000225715339,0.5664627416990697,0.0003487894871135749,0.0006920798924063831,9,0.5639160517603159,"{""matrix"": 0.29983301647007465, ""factorization"": 0.0, ""advance"": 0.22274907678365707, ""conversion"": 0.009291921742260456, ""output"": 0.006875954568386078, ""total"": 0.5533749936148524}",0,16,110316,16,1.6283271027835627e-15,3.6056658319188084e-16,0.5039415478570108,1.4960584521429892
diffusion,backward_euler,scipy,cold,0.015625,final_only,"[20, 16]",0.07,"[0.0, 0.0]",zero_flux,1.0287085315212607,1.0779417003504932,0.00017518076525111344,0.0003475995970227963,0,1.0710000060498714,"{""matrix"": 0.2984169404953718, ""factorization"": 0.2262090565636754, ""advance"": 0.4968330031260848, ""conversion"": 0.010458985343575478, ""output"": 0.006667105481028557, ""total"": 1.059875008650124}",1,31,110316,32,1.0362081563168126e-15,2.9571255810822754e-16,0.5039415478570108,1.4960584521429892
diffusion,backward_euler,scipy,cold,0.015625,final_only,"[20, 16]",0.07,"[0.0, 0.0]",zero_flux,1.0287085315212607,1.0779417003504932,0.00017518076525111344,0.0003475995970227963,1,1.140416949056089,"{""matrix"": 0.3198749618604779, ""factorization"": 0.26700005400925875, ""advance"": 0.5024980055168271, ""conversion"": 0.010999967344105244, ""output"": 0.0070410314947366714, ""total"": 1.1293749557808042}",1,31,110316,32,1.0362081563168126e-15,2.9571255810822754e-16,0.5039415478570108,1.4960584521429892
diffusion,backward_euler,scipy,cold,0.015625,final_only,"[20, 16]",0.07,"[0.0, 0.0]",zero_flux,1.0287085315212607,1.0779417003504932,0.00017518076525111344,0.0003475995970227963,2,1.0613750200718641,"{""matrix"": 0.29791693668812513, ""factorization"": 0.20791706629097462, ""advance"": 0.5035861395299435, ""conversion"": 0.01166702713817358, ""output"": 0.007126014679670334, ""total"": 1.0499999625608325}",1,31,110316,32,1.0362081563168126e-15,2.9571255810822754e-16,0.5039415478570108,1.4960584521429892
diffusion,backward_euler,scipy,cold,0.015625,final_only,"[20, 16]",0.07,"[0.0, 0.0]",zero_flux,1.0287085315212607,1.0779417003504932,0.00017518076525111344,0.0003475995970227963,3,1.0319170542061329,"{""matrix"": 0.296834041364491, ""factorization"": 0.1792920520529151, ""advance"": 0.5024592392146587, ""conversion"": 0.012625008821487427, ""output"": 0.007123919203877449, ""total"": 1.0202080011367798}",1,31,110316,32,1.0362081563168126e-15,2.9571255810822754e-16,0.5039415478570108,1.4960584521429892
diffusion,backward_euler,scipy,cold,0.015625,final_only,"[20, 16]",0.07,"[0.0, 0.0]",zero_flux,1.0287085315212607,1.0779417003504932,0.00017518076525111344,0.0003475995970227963,4,1.0264579905197024,"{""matrix"": 0.2987920306622982, ""factorization"": 0.17600005958229303, ""advance"": 0.5005396669730544, ""conversion"": 0.01133396290242672, ""output"": 0.007042079232633114, ""total"": 1.0154579067602754}",1,31,110316,32,1.0362081563168126e-15,2.9571255810822754e-16,0.5039415478570108,1.4960584521429892
diffusion,backward_euler,scipy,cold,0.015625,final_only,"[20, 16]",0.07,"[0.0, 0.0]",zero_flux,1.0287085315212607,1.0779417003504932,0.00017518076525111344,0.0003475995970227963,5,1.0212919441983104,"{""matrix"": 0.30449999030679464, ""factorization"": 0.17137499526143074, ""advance"": 0.49833289813250303, ""conversion"": 0.010208925232291222, ""output"": 0.006457907147705555, ""total"": 1.011582906357944}",1,31,110316,32,1.0362081563168126e-15,2.9571255810822754e-16,0.5039415478570108,1.4960584521429892
diffusion,backward_euler,scipy,cold,0.015625,final_only,"[20, 16]",0.07,"[0.0, 0.0]",zero_flux,1.0287085315212607,1.0779417003504932,0.00017518076525111344,0.0003475995970227963,6,1.0286669712513685,"{""matrix"": 0.30908396001905203, ""factorization"": 0.16725005116313696, ""advance"": 0.49891730304807425, ""conversion"": 0.0113749410957098, ""output"": 0.007166992872953415, ""total"": 1.0157079668715596}",1,31,110316,32,1.0362081563168126e-15,2.9571255810822754e-16,0.5039415478570108,1.4960584521429892
diffusion,backward_euler,scipy,cold,0.015625,final_only,"[20, 16]",0.07,"[0.0, 0.0]",zero_flux,1.0287085315212607,1.0779417003504932,0.00017518076525111344,0.0003475995970227963,7,1.028750091791153,"{""matrix"": 0.3124169306829572, ""factorization"": 0.16145803965628147, ""advance"": 0.5039157113060355, ""conversion"": 0.011291936971247196, ""output"": 0.0069999368861317635, ""total"": 1.0177919175475836}",1,31,110316,32,1.0362081563168126e-15,2.9571255810822754e-16,0.5039415478570108,1.4960584521429892
diffusion,backward_euler,scipy,cold,0.015625,final_only,"[20, 16]",0.07,"[0.0, 0.0]",zero_flux,1.0287085315212607,1.0779417003504932,0.00017518076525111344,0.0003475995970227963,8,1.0223339777439833,"{""matrix"": 0.30654098372906446, ""factorization"": 0.16762502491474152, ""advance"": 0.49749703612178564, ""conversion"": 0.011292053386569023, ""output"": 0.007084105163812637, ""total"": 1.0115839540958405}",1,31,110316,32,1.0362081563168126e-15,2.9571255810822754e-16,0.5039415478570108,1.4960584521429892
diffusion,backward_euler,scipy,cold,0.015625,final_only,"[20, 16]",0.07,"[0.0, 0.0]",zero_flux,1.0287085315212607,1.0779417003504932,0.00017518076525111344,0.0003475995970227963,9,1.0221669217571616,"{""matrix"": 0.30054105445742607, ""factorization"": 0.16829092055559158, ""advance"": 0.5031669279560447, ""conversion"": 0.01120788510888815, ""output"": 0.0069999368861317635, ""total"": 1.011374988593161}",1,31,110316,32,1.0362081563168126e-15,2.9571255810822754e-16,0.5039415478570108,1.4960584521429892
diffusion,backward_euler,scipy,warm,0.015625,final_only,"[20, 16]",0.07,"[0.0, 0.0]",zero_flux,0.7801249739713967,0.8155997609719634,0.00017518076525111344,0.0003475995970227963,0,0.8843749528750777,"{""matrix"": 0.3011670196428895, ""factorization"": 0.0, ""advance"": 0.5322862416505814, ""conversion"": 0.010416028089821339, ""output"": 0.0069999368861317635, ""total"": 0.873332959599793}",0,32,110316,32,1.0362081563168126e-15,2.9571255810822754e-16,0.5039415478570108,1.4960584521429892
diffusion,backward_euler,scipy,warm,0.015625,final_only,"[20, 16]",0.07,"[0.0, 0.0]",zero_flux,0.7801249739713967,0.8155997609719634,0.00017518076525111344,0.0003475995970227963,1,0.7704170420765877,"{""matrix"": 0.30145898927003145, ""factorization"": 0.0, ""advance"": 0.42204256169497967, ""conversion"": 0.010375049896538258, ""output"": 0.006375019438564777, ""total"": 0.7604589918628335}",0,32,110316,32,1.0362081563168126e-15,2.9571255810822754e-16,0.5039415478570108,1.4960584521429892
diffusion,backward_euler,scipy,warm,0.015625,final_only,"[20, 16]",0.07,"[0.0, 0.0]",zero_flux,0.7801249739713967,0.8155997609719634,0.00017518076525111344,0.0003475995970227963,2,0.7430410478264093,"{""matrix"": 0.27537497226148844, ""factorization"": 0.0, ""advance"": 0.4227862227708101, ""conversion"": 0.009499955922365189, ""output"": 0.006375019438564777, ""total"": 0.7331660017371178}",0,32,110316,32,1.0362081563168126e-15,2.9571255810822754e-16,0.5039415478570108,1.4960584521429892
diffusion,backward_euler,scipy,warm,0.015625,final_only,"[20, 16]",0.07,"[0.0, 0.0]",zero_flux,0.7801249739713967,0.8155997609719634,0.00017518076525111344,0.0003475995970227963,3,0.7414580322802067,"{""matrix"": 0.27591607067734003, ""factorization"": 0.0, ""advance"": 0.42108248453587294, ""conversion"": 0.009500072337687016, ""output"": 0.006292131729424, ""total"": 0.731833977624774}",0,32,110316,32,1.0362081563168126e-15,2.9571255810822754e-16,0.5039415478570108,1.4960584521429892
diffusion,backward_euler,scipy,warm,0.015625,final_only,"[20, 16]",0.07,"[0.0, 0.0]",zero_flux,0.7801249739713967,0.8155997609719634,0.00017518076525111344,0.0003475995970227963,4,0.7650000043213367,"{""matrix"": 0.27412502095103264, ""factorization"": 0.0, ""advance"": 0.44408522080630064, ""conversion"": 0.009416020475327969, ""output"": 0.007041962817311287, ""total"": 0.7543331012129784}",0,32,110316,32,1.0362081563168126e-15,2.9571255810822754e-16,0.5039415478570108,1.4960584521429892
diffusion,backward_euler,scipy,warm,0.015625,final_only,"[20, 16]",0.07,"[0.0, 0.0]",zero_flux,0.7801249739713967,0.8155997609719634,0.00017518076525111344,0.0003475995970227963,5,0.7776250131428242,"{""matrix"": 0.29079196974635124, ""factorization"": 0.0, ""advance"": 0.4399972967803478, ""conversion"": 0.010541058145463467, ""output"": 0.006124959327280521, ""total"": 0.7680410053580999}",0,32,110316,32,1.0362081563168126e-15,2.9571255810822754e-16,0.5039415478570108,1.4960584521429892
diffusion,backward_euler,scipy,warm,0.015625,final_only,"[20, 16]",0.07,"[0.0, 0.0]",zero_flux,0.7801249739713967,0.8155997609719634,0.00017518076525111344,0.0003475995970227963,6,0.7826249347999692,"{""matrix"": 0.3001249860972166, ""factorization"": 0.0, ""advance"": 0.43554208241403103, ""conversion"": 0.009416020475327969, ""output"": 0.006917165592312813, ""total"": 0.7720829453319311}",0,32,110316,32,1.0362081563168126e-15,2.9571255810822754e-16,0.5039415478570108,1.4960584521429892
diffusion,backward_euler,scipy,warm,0.015625,final_only,"[20, 16]",0.07,"[0.0, 0.0]",zero_flux,0.7801249739713967,0.8155997609719634,0.00017518076525111344,0.0003475995970227963,7,0.788375036790967,"{""matrix"": 0.28495804872363806, ""factorization"": 0.0, ""advance"": 0.45420811511576176, ""conversion"": 0.010499963536858559, ""output"": 0.006959075108170509, ""total"": 0.7777499267831445}",0,32,110316,32,1.0362081563168126e-15,2.9571255810822754e-16,0.5039415478570108,1.4960584521429892
diffusion,backward_euler,scipy,warm,0.015625,final_only,"[20, 16]",0.07,"[0.0, 0.0]",zero_flux,0.7801249739713967,0.8155997609719634,0.00017518076525111344,0.0003475995970227963,8,0.8079580729827285,"{""matrix"": 0.30554202385246754, ""factorization"": 0.0, ""advance"": 0.45337213668972254, ""conversion"": 0.010541989468038082, ""output"": 0.006875139661133289, ""total"": 0.7970830192789435}",0,32,110316,32,1.0362081563168126e-15,2.9571255810822754e-16,0.5039415478570108,1.4960584521429892
diffusion,backward_euler,scipy,warm,0.015625,final_only,"[20, 16]",0.07,"[0.0, 0.0]",zero_flux,0.7801249739713967,0.8155997609719634,0.00017518076525111344,0.0003475995970227963,9,0.7909999694675207,"{""matrix"": 0.2860409440472722, ""factorization"": 0.0, ""advance"": 0.4558330401778221, ""conversion"": 0.010417075827717781, ""output"": 0.0069160014390945435, ""total"": 0.78037497587502}",0,32,110316,32,1.0362081563168126e-15,2.9571255810822754e-16,0.5039415478570108,1.4960584521429892
diffusion,backward_euler,scipy,cold,0.0078125,final_only,"[20, 16]",0.07,"[0.0, 0.0]",zero_flux,1.4682500041089952,1.5141788171604276,8.77884164027679e-05,0.00017419274383345673,0,1.392040983773768,"{""matrix"": 0.28812489472329617, ""factorization"": 0.16679102554917336, ""advance"": 0.8765009697526693, ""conversion"": 0.012125005014240742, ""output"": 0.006625079549849033, ""total"": 1.3816250720992684}",1,63,110316,64,4.588921835117313e-15,2.936199461517863e-16,0.5039415478570108,1.4960584521429892
diffusion,backward_euler,scipy,cold,0.0078125,final_only,"[20, 16]",0.07,"[0.0, 0.0]",zero_flux,1.4682500041089952,1.5141788171604276,8.77884164027679e-05,0.00017419274383345673,1,1.3690829509869218,"{""matrix"": 0.278791063465178, ""factorization"": 0.15479198191314936, ""advance"": 0.8764162193983793, ""conversion"": 0.010624993592500687, ""output"": 0.007082941010594368, ""total"": 1.3579590013250709}",1,63,110316,64,4.588921835117313e-15,2.936199461517863e-16,0.5039415478570108,1.4960584521429892
diffusion,backward_euler,scipy,cold,0.0078125,final_only,"[20, 16]",0.07,"[0.0, 0.0]",zero_flux,1.4682500041089952,1.5141788171604276,8.77884164027679e-05,0.00017419274383345673,2,1.4292089035734534,"{""matrix"": 0.2989160129800439, ""factorization"": 0.15237496700137854, ""advance"": 0.9177866159006953, ""conversion"": 0.011625001206994057, ""output"": 0.006623915396630764, ""total"": 1.4193749520927668}",1,63,110316,64,4.588921835117313e-15,2.936199461517863e-16,0.5039415478570108,1.4960584521429892
diffusion,backward_euler,scipy,cold,0.0078125,final_only,"[20, 16]",0.07,"[0.0, 0.0]",zero_flux,1.4682500041089952,1.5141788171604276,8.77884164027679e-05,0.00017419274383345673,3,1.434125006198883,"{""matrix"": 0.27837499510496855, ""factorization"": 0.1617079833522439, ""advance"": 0.9339592652395368, ""conversion"": 0.010332907550036907, ""output"": 0.007166992872953415, ""total"": 1.4233749825507402}",1,63,110316,64,4.588921835117313e-15,2.936199461517863e-16,0.5039415478570108,1.4960584521429892
diffusion,backward_euler,scipy,cold,0.0078125,final_only,"[20, 16]",0.07,"[0.0, 0.0]",zero_flux,1.4682500041089952,1.5141788171604276,8.77884164027679e-05,0.00017419274383345673,4,1.462375046685338,"{""matrix"": 0.3079160815104842, ""factorization"": 0.15600002370774746, ""advance"": 0.9358732495456934, ""conversion"": 0.011500087566673756, ""output"": 0.0071249669417738914, ""total"": 1.4513750793412328}",1,63,110316,64,4.588921835117313e-15,2.936199461517863e-16,0.5039415478570108,1.4960584521429892
diffusion,backward_euler,scipy,cold,0.0078125,final_only,"[20, 16]",0.07,"[0.0, 0.0]",zero_flux,1.4682500041089952,1.5141788171604276,8.77884164027679e-05,0.00017419274383345673,5,1.4962080167606473,"{""matrix"": 0.30637497548013926, ""factorization"": 0.16012496780604124, ""advance"": 0.96650212071836, ""conversion"": 0.011625001206994057, ""output"": 0.007292022928595543, ""total"": 1.4852499589323997}",1,63,110316,64,4.588921835117313e-15,2.936199461517863e-16,0.5039415478570108,1.4960584521429892
diffusion,backward_euler,scipy,cold,0.0078125,final_only,"[20, 16]",0.07,"[0.0, 0.0]",zero_flux,1.4682500041089952,1.5141788171604276,8.77884164027679e-05,0.00017419274383345673,6,1.4741249615326524,"{""matrix"": 0.30399998649954796, ""factorization"": 0.1611249754205346, ""advance"": 0.9461214067414403, ""conversion"": 0.011541997082531452, ""output"": 0.0071249669417738914, ""total"": 1.4633749378845096}",1,63,110316,64,4.588921835117313e-15,2.936199461517863e-16,0.5039415478570108,1.4960584521429892
diffusion,backward_euler,scipy,cold,0.0078125,final_only,"[20, 16]",0.07,"[0.0, 0.0]",zero_flux,1.4682500041089952,1.5141788171604276,8.77884164027679e-05,0.00017419274383345673,7,1.67591602075845,"{""matrix"": 0.40662509854882956, ""factorization"": 0.2210000529885292, ""advance"": 0.9855460375547409, ""conversion"": 0.011375057511031628, ""output"": 0.007333001121878624, ""total"": 1.6647910233587027}",1,63,110316,64,4.588921835117313e-15,2.936199461517863e-16,0.5039415478570108,1.4960584521429892
diffusion,backward_euler,scipy,cold,0.0078125,final_only,"[20, 16]",0.07,"[0.0, 0.0]",zero_flux,1.4682500041089952,1.5141788171604276,8.77884164027679e-05,0.00017419274383345673,8,1.4778749318793416,"{""matrix"": 0.30333397444337606, ""factorization"": 0.16837497241795063, ""advance"": 0.9433352388441563, ""conversion"": 0.01154094934463501, ""output"": 0.0072499969974160194, ""total"": 1.4668749645352364}",1,63,110316,64,4.588921835117313e-15,2.936199461517863e-16,0.5039415478570108,1.4960584521429892
diffusion,backward_euler,scipy,cold,0.0078125,final_only,"[20, 16]",0.07,"[0.0, 0.0]",zero_flux,1.4682500041089952,1.5141788171604276,8.77884164027679e-05,0.00017419274383345673,9,1.4763330109417439,"{""matrix"": 0.3005840117111802, ""factorization"": 0.1650420017540455, ""advance"": 0.9507474023848772, ""conversion"": 0.01037493348121643, ""output"": 0.007082941010594368, ""total"": 1.465582987293601}",1,63,110316,64,4.588921835117313e-15,2.936199461517863e-16,0.5039415478570108,1.4960584521429892
diffusion,backward_euler,scipy,warm,0.0078125,final_only,"[20, 16]",0.07,"[0.0, 0.0]",zero_flux,1.2855625245720148,1.31244141375646,8.77884164027679e-05,0.00017419274383345673,0,1.293207984417677,"{""matrix"": 0.3022090531885624, ""factorization"": 0.0, ""advance"": 0.9305415442213416, ""conversion"": 0.009624985978007317, ""output"": 0.007207971066236496, ""total"": 1.282332930713892}",0,64,110316,64,4.588921835117313e-15,2.936199461517863e-16,0.5039415478570108,1.4960584521429892
diffusion,backward_euler,scipy,warm,0.0078125,final_only,"[20, 16]",0.07,"[0.0, 0.0]",zero_flux,1.2855625245720148,1.31244141375646,8.77884164027679e-05,0.00017419274383345673,1,1.3044580118730664,"{""matrix"": 0.3155829617753625, ""factorization"": 0.0, ""advance"": 0.9259581565856934, ""conversion"": 0.01083302777260542, ""output"": 0.007417052984237671, ""total"": 1.2932500103488564}",0,64,110316,64,4.588921835117313e-15,2.936199461517863e-16,0.5039415478570108,1.4960584521429892
diffusion,backward_euler,scipy,warm,0.0078125,final_only,"[20, 16]",0.07,"[0.0, 0.0]",zero_flux,1.2855625245720148,1.31244141375646,8.77884164027679e-05,0.00017419274383345673,2,1.301957992836833,"{""matrix"": 0.3122079651802778, ""factorization"": 0.0, ""advance"": 0.9274992626160383, ""conversion"": 0.011124997399747372, ""output"": 0.007458147592842579, ""total"": 1.2909580254927278}",0,64,110316,64,4.588921835117313e-15,2.936199461517863e-16,0.5039415478570108,1.4960584521429892
diffusion,backward_euler,scipy,warm,0.0078125,final_only,"[20, 16]",0.07,"[0.0, 0.0]",zero_flux,1.2855625245720148,1.31244141375646,8.77884164027679e-05,0.00017419274383345673,3,1.3842920307070017,"{""matrix"": 0.30404108110815287, ""factorization"": 0.0, ""advance"": 1.0097514605149627, ""conversion"": 0.010958989150822163, ""output"": 0.009124982170760632, ""total"": 1.3699999544769526}",0,64,110316,64,4.588921835117313e-15,2.936199461517863e-16,0.5039415478570108,1.4960584521429892
diffusion,backward_euler,scipy,warm,0.0078125,final_only,"[20, 16]",0.07,"[0.0, 0.0]",zero_flux,1.2855625245720148,1.31244141375646,8.77884164027679e-05,0.00017419274383345673,4,1.2634999584406614,"{""matrix"": 0.33129192888736725, ""factorization"": 0.0, ""advance"": 0.8686247747391462, ""conversion"": 0.012416974641382694, ""output"": 0.0069999368861317635, ""total"": 1.2521250173449516}",0,64,110316,64,4.588921835117313e-15,2.936199461517863e-16,0.5039415478570108,1.4960584521429892
diffusion,backward_euler,scipy,warm,0.0078125,final_only,"[20, 16]",0.07,"[0.0, 0.0]",zero_flux,1.2855625245720148,1.31244141375646,8.77884164027679e-05,0.00017419274383345673,5,1.2031670194119215,"{""matrix"": 0.2851251047104597, ""factorization"": 0.0, ""advance"": 0.8584157330915332, ""conversion"": 0.010541989468038082, ""output"": 0.0074160052463412285, ""total"": 1.191916991956532}",0,64,110316,64,4.588921835117313e-15,2.936199461517863e-16,0.5039415478570108,1.4960584521429892
diffusion,backward_euler,scipy,warm,0.0078125,final_only,"[20, 16]",0.07,"[0.0, 0.0]",zero_flux,1.2855625245720148,1.31244141375646,8.77884164027679e-05,0.00017419274383345673,6,1.282125012949109,"{""matrix"": 0.29833288863301277, ""factorization"": 0.0, ""advance"": 0.9234552271664143, ""conversion"": 0.010958057828247547, ""output"": 0.006415997631847858, ""total"": 1.2715840712189674}",0,64,110316,64,4.588921835117313e-15,2.936199461517863e-16,0.5039415478570108,1.4960584521429892
diffusion,backward_euler,scipy,warm,0.0078125,final_only,"[20, 16]",0.07,"[0.0, 0.0]",zero_flux,1.2855625245720148,1.31244141375646,8.77884164027679e-05,0.00017419274383345673,7,1.2545420322567225,"{""matrix"": 0.2873750636354089, ""factorization"": 0.0, ""advance"": 0.9077078429982066, ""conversion"": 0.009708921425044537, ""output"": 0.0072909751906991005, ""total"": 1.243583974428475}",0,64,110316,64,4.588921835117313e-15,2.936199461517863e-16,0.5039415478570108,1.4960584521429892
diffusion,backward_euler,scipy,warm,0.0078125,final_only,"[20, 16]",0.07,"[0.0, 0.0]",zero_flux,1.2855625245720148,1.31244141375646,8.77884164027679e-05,0.00017419274383345673,8,1.2629160191863775,"{""matrix"": 0.2929170150309801, ""factorization"": 0.0, ""advance"": 0.9097924921661615, ""conversion"": 0.010749907232820988, ""output"": 0.006917049176990986, ""total"": 1.2527499347925186}",0,64,110316,64,4.588921835117313e-15,2.936199461517863e-16,0.5039415478570108,1.4960584521429892
diffusion,backward_euler,scipy,warm,0.0078125,final_only,"[20, 16]",0.07,"[0.0, 0.0]",zero_flux,1.2855625245720148,1.31244141375646,8.77884164027679e-05,0.00017419274383345673,9,1.2890000361949205,"{""matrix"": 0.3022078890353441, ""factorization"": 0.0, ""advance"": 0.9258734062314034, ""conversion"": 0.009792041964828968, ""output"": 0.007458031177520752, ""total"": 1.2776670046150684}",0,64,110316,64,4.588921835117313e-15,2.936199461517863e-16,0.5039415478570108,1.4960584521429892
diffusion,backward_euler,scipy,cold,0.00390625,final_only,"[20, 16]",0.07,"[0.0, 0.0]",zero_flux,2.5431039975956082,2.690475224517286,4.3943909567527785e-05,8.719499104858919e-05,0,2.5687089655548334,"{""matrix"": 0.375417061150074, ""factorization"": 0.2849589800462127, ""advance"": 1.8041314324364066, ""conversion"": 0.018457998521625996, ""output"": 0.01058308407664299, ""total"": 2.5523329386487603}",1,127,110316,128,3.5527136788005005e-15,2.6592795062522757e-16,0.5039415478570108,1.4960584521429892
diffusion,backward_euler,scipy,cold,0.00390625,final_only,"[20, 16]",0.07,"[0.0, 0.0]",zero_flux,2.5431039975956082,2.690475224517286,4.3943909567527785e-05,8.719499104858919e-05,1,2.517124987207353,"{""matrix"": 0.3384159645065665, ""factorization"": 0.24687498807907104, ""advance"": 1.8284941324964166, ""conversion"": 0.014833989553153515, ""output"": 0.011916039511561394, ""total"": 2.499624970369041}",1,127,110316,128,3.5527136788005005e-15,2.6592795062522757e-16,0.5039415478570108,1.4960584521429892
diffusion,backward_euler,scipy,cold,0.00390625,final_only,"[20, 16]",0.07,"[0.0, 0.0]",zero_flux,2.5431039975956082,2.690475224517286,4.3943909567527785e-05,8.719499104858919e-05,2,2.6775419246405363,"{""matrix"": 0.3445419715717435, ""factorization"": 0.2381670055910945, ""advance"": 1.9772859523072839, ""conversion"": 0.01579197123646736, ""output"": 0.019458006136119366, ""total"": 2.6548750465735793}",1,127,110316,128,3.5527136788005005e-15,2.6592795062522757e-16,0.5039415478570108,1.4960584521429892
diffusion,backward_euler,scipy,cold,0.00390625,final_only,"[20, 16]",0.07,"[0.0, 0.0]",zero_flux,2.5431039975956082,2.690475224517286,4.3943909567527785e-05,8.719499104858919e-05,3,2.4586250074207783,"{""matrix"": 0.3679579822346568, ""factorization"": 0.29504101257771254, ""advance"": 1.6994645120576024, ""conversion"": 0.019415980204939842, ""output"": 0.008584000170230865, ""total"": 2.4440420093014836}",1,127,110316,128,3.5527136788005005e-15,2.6592795062522757e-16,0.5039415478570108,1.4960584521429892
diffusion,backward_euler,scipy,cold,0.00390625,final_only,"[20, 16]",0.07,"[0.0, 0.0]",zero_flux,2.5431039975956082,2.690475224517286,4.3943909567527785e-05,8.719499104858919e-05,4,2.4815419455990195,"{""matrix"": 0.2929170150309801, ""factorization"": 0.230583013035357, ""advance"": 1.8602503696456552, ""conversion"": 0.012542004697024822, ""output"": 0.01312396489083767, ""total"": 2.464834018610418}",1,127,110316,128,3.5527136788005005e-15,2.6592795062522757e-16,0.5039415478570108,1.4960584521429892
diffusion,backward_euler,scipy,cold,0.00390625,final_only,"[20, 16]",0.07,"[0.0, 0.0]",zero_flux,2.5431039975956082,2.690475224517286,4.3943909567527785e-05,8.719499104858919e-05,5,2.5292079662904143,"{""matrix"": 0.3624579403549433, ""factorization"": 0.249041011556983, ""advance"": 1.8176579615101218, ""conversion"": 0.015459023416042328, ""output"": 0.011041061952710152, ""total"": 2.509749960154295}",1,127,110316,128,3.5527136788005005e-15,2.6592795062522757e-16,0.5039415478570108,1.4960584521429892
diffusion,backward_euler,scipy,cold,0.00390625,final_only,"[20, 16]",0.07,"[0.0, 0.0]",zero_flux,2.5431039975956082,2.690475224517286,4.3943909567527785e-05,8.719499104858919e-05,6,2.468416001647711,"{""matrix"": 0.30920805875211954, ""factorization"": 0.20658306311815977, ""advance"": 1.8595705041661859, ""conversion"": 0.017625046893954277, ""output"": 0.007582944817841053, ""total"": 2.4566249921917915}",1,127,110316,128,3.5527136788005005e-15,2.6592795062522757e-16,0.5039415478570108,1.4960584521429892
diffusion,backward_euler,scipy,cold,0.00390625,final_only,"[20, 16]",0.07,"[0.0, 0.0]",zero_flux,2.5431039975956082,2.690475224517286,4.3943909567527785e-05,8.719499104858919e-05,7,2.8068749234080315,"{""matrix"": 0.5501669365912676, ""factorization"": 0.30570896342396736, ""advance"": 1.851324923336506, ""conversion"": 0.012042000889778137, ""output"": 0.01095794141292572, ""total"": 2.789166057482362}",1,127,110316,128,3.5527136788005005e-15,2.6592795062522757e-16,0.5039415478570108,1.4960584521429892
diffusion,backward_euler,scipy,cold,0.00390625,final_only,"[20, 16]",0.07,"[0.0, 0.0]",zero_flux,2.5431039975956082,2.690475224517286,4.3943909567527785e-05,8.719499104858919e-05,8,2.557000028900802,"{""matrix"": 0.33829198218882084, ""factorization"": 0.27645810041576624, ""advance"": 1.8482847372069955, ""conversion"": 0.015167053788900375, ""output"": 0.008124974556267262, ""total"": 2.542832982726395}",1,127,110316,128,3.5527136788005005e-15,2.6592795062522757e-16,0.5039415478570108,1.4960584521429892
diffusion,backward_euler,scipy,cold,0.00390625,final_only,"[20, 16]",0.07,"[0.0, 0.0]",zero_flux,2.5431039975956082,2.690475224517286,4.3943909567527785e-05,8.719499104858919e-05,9,2.581625012680888,"{""matrix"": 0.32037508208304644, ""factorization"": 0.22920803166925907, ""advance"": 1.9340761937201023, ""conversion"": 0.01237494871020317, ""output"": 0.011041993275284767, ""total"": 2.566708019003272}",1,127,110316,128,3.5527136788005005e-15,2.6592795062522757e-16,0.5039415478570108,1.4960584521429892
diffusion,backward_euler,scipy,warm,0.00390625,final_only,"[20, 16]",0.07,"[0.0, 0.0]",zero_flux,2.355750009883195,2.5128252804279327,4.3943909567527785e-05,8.719499104858919e-05,0,2.2872909903526306,"{""matrix"": 0.32033398747444153, ""factorization"": 0.0, ""advance"": 1.8539902521297336, ""conversion"": 0.013832934200763702, ""output"": 0.018332968465983868, ""total"": 2.265124931000173}",0,128,110316,128,3.5527136788005005e-15,2.6592795062522757e-16,0.5039415478570108,1.4960584521429892
diffusion,backward_euler,scipy,warm,0.00390625,final_only,"[20, 16]",0.07,"[0.0, 0.0]",zero_flux,2.355750009883195,2.5128252804279327,4.3943909567527785e-05,8.719499104858919e-05,1,2.3870000150054693,"{""matrix"": 0.45833305921405554, ""factorization"": 0.0, ""advance"": 1.8237880431115627, ""conversion"": 0.018666964024305344, ""output"": 0.011125113815069199, ""total"": 2.3696660064160824}",0,128,110316,128,3.5527136788005005e-15,2.6592795062522757e-16,0.5039415478570108,1.4960584521429892
diffusion,backward_euler,scipy,warm,0.00390625,final_only,"[20, 16]",0.07,"[0.0, 0.0]",zero_flux,2.355750009883195,2.5128252804279327,4.3943909567527785e-05,8.719499104858919e-05,2,2.1889159688726068,"{""matrix"": 0.3164589870721102, ""factorization"": 0.0, ""advance"": 1.781117171049118, ""conversion"": 0.01391698606312275, ""output"": 0.008207978680729866, ""total"": 2.1755420602858067}",0,128,110316,128,3.5527136788005005e-15,2.6592795062522757e-16,0.5039415478570108,1.4960584521429892
diffusion,backward_euler,scipy,warm,0.00390625,final_only,"[20, 16]",0.07,"[0.0, 0.0]",zero_flux,2.355750009883195,2.5128252804279327,4.3943909567527785e-05,8.719499104858919e-05,3,2.334207994863391,"{""matrix"": 0.3042499301955104, ""factorization"": 0.0, ""advance"": 1.933415187522769, ""conversion"": 0.011625001206994057, ""output"": 0.011292053386569023, ""total"": 2.319291001185775}",0,128,110316,128,3.5527136788005005e-15,2.6592795062522757e-16,0.5039415478570108,1.4960584521429892
diffusion,backward_euler,scipy,warm,0.00390625,final_only,"[20, 16]",0.07,"[0.0, 0.0]",zero_flux,2.355750009883195,2.5128252804279327,4.3943909567527785e-05,8.719499104858919e-05,4,2.4947919882833958,"{""matrix"": 0.33950002398341894, ""factorization"": 0.0, ""advance"": 2.022573840804398, ""conversion"": 0.013792072422802448, ""output"": 0.025208108127117157, ""total"": 2.466874895617366}",0,128,110316,128,3.5527136788005005e-15,2.6592795062522757e-16,0.5039415478570108,1.4960584521429892
diffusion,backward_euler,scipy,warm,0.00390625,final_only,"[20, 16]",0.07,"[0.0, 0.0]",zero_flux,2.355750009883195,2.5128252804279327,4.3943909567527785e-05,8.719499104858919e-05,5,2.6751249097287655,"{""matrix"": 0.43516699224710464, ""factorization"": 0.0, ""advance"": 2.0409610588103533, ""conversion"": 0.02362497616559267, ""output"": 0.016457983292639256, ""total"": 2.6515829376876354}",0,128,110316,128,3.5527136788005005e-15,2.6592795062522757e-16,0.5039415478570108,1.4960584521429892
diffusion,backward_euler,scipy,warm,0.00390625,final_only,"[20, 16]",0.07,"[0.0, 0.0]",zero_flux,2.355750009883195,2.5128252804279327,4.3943909567527785e-05,8.719499104858919e-05,6,2.4504170287400484,"{""matrix"": 0.4149999003857374, ""factorization"": 0.0, ""advance"": 1.924037584103644, ""conversion"": 0.019749975763261318, ""output"": 0.009665964171290398, ""total"": 2.4304590187966824}",0,128,110316,128,3.5527136788005005e-15,2.6592795062522757e-16,0.5039415478570108,1.4960584521429892
diffusion,backward_euler,scipy,warm,0.00390625,final_only,"[20, 16]",0.07,"[0.0, 0.0]",zero_flux,2.355750009883195,2.5128252804279327,4.3943909567527785e-05,8.719499104858919e-05,7,2.3552499478682876,"{""matrix"": 0.33904099836945534, ""factorization"": 0.0, ""advance"": 1.9193384796380997, ""conversion"": 0.015083001926541328, ""output"": 0.008292961865663528, ""total"": 2.3417919874191284}",0,128,110316,128,3.5527136788005005e-15,2.6592795062522757e-16,0.5039415478570108,1.4960584521429892
diffusion,backward_euler,scipy,warm,0.00390625,final_only,"[20, 16]",0.07,"[0.0, 0.0]",zero_flux,2.355750009883195,2.5128252804279327,4.3943909567527785e-05,8.719499104858919e-05,8,2.3342499043792486,"{""matrix"": 0.3262499812990427, ""factorization"": 0.0, ""advance"": 1.9189530285075307, ""conversion"": 0.012208940461277962, ""output"": 0.0076660653576254845, ""total"": 2.3221250157803297}",0,128,110316,128,3.5527136788005005e-15,2.6592795062522757e-16,0.5039415478570108,1.4960584521429892
diffusion,backward_euler,scipy,warm,0.00390625,final_only,"[20, 16]",0.07,"[0.0, 0.0]",zero_flux,2.355750009883195,2.5128252804279327,4.3943909567527785e-05,8.719499104858919e-05,9,2.3562500718981028,"{""matrix"": 0.32541609834879637, ""factorization"": 0.0, ""advance"": 1.94249686319381, ""conversion"": 0.011625001206994057, ""output"": 0.007707974873483181, ""total"": 2.3442080710083246}",0,128,110316,128,3.5527136788005005e-15,2.6592795062522757e-16,0.5039415478570108,1.4960584521429892
diffusion,crank_nicolson,scipy,cold,0.125,final_only,"[20, 16]",0.07,"[0.0, 0.0]",zero_flux,0.6792704807594419,0.9569918969646096,1.4039051417684023e-05,2.785676046346275e-05,0,0.9527920046821237,"{""matrix"": 0.32291607931256294, ""factorization"": 0.3407909534871578, ""advance"": 0.21808396559208632, ""conversion"": 0.012791948392987251, ""output"": 0.01625006552785635, ""total"": 0.929167028516531}",1,3,110316,4,7.401486830834376e-16,5.137233696064228e-16,0.5039415478570108,1.4960584521429892
diffusion,crank_nicolson,scipy,cold,0.125,final_only,"[20, 16]",0.07,"[0.0, 0.0]",zero_flux,0.6792704807594419,0.9569918969646096,1.4039051417684023e-05,2.785676046346275e-05,1,0.9947909275069833,"{""matrix"": 0.4254999803379178, ""factorization"": 0.35437499172985554, ""advance"": 0.14566804748028517, ""conversion"": 0.023417058400809765, ""output"": 0.01033395528793335, ""total"": 0.9775409707799554}",1,3,110316,4,7.401486830834376e-16,5.137233696064228e-16,0.5039415478570108,1.4960584521429892
diffusion,crank_nicolson,scipy,cold,0.125,final_only,"[20, 16]",0.07,"[0.0, 0.0]",zero_flux,0.6792704807594419,0.9569918969646096,1.4039051417684023e-05,2.785676046346275e-05,2,0.8148750057443976,"{""matrix"": 0.3412079531699419, ""factorization"": 0.2860409440472722, ""advance"": 0.13425108045339584, ""conversion"": 0.015167053788900375, ""output"": 0.008624978363513947, ""total"": 0.7998750079423189}",1,3,110316,4,7.401486830834376e-16,5.137233696064228e-16,0.5039415478570108,1.4960584521429892
diffusion,crank_nicolson,scipy,cold,0.125,final_only,"[20, 16]",0.07,"[0.0, 0.0]",zero_flux,0.6792704807594419,0.9569918969646096,1.4039051417684023e-05,2.785676046346275e-05,3,0.7536249468103051,"{""matrix"": 0.33362500835210085, ""factorization"": 0.2454579807817936, ""advance"": 0.12479303404688835, ""conversion"": 0.013542012311518192, ""output"": 0.008124974556267262, ""total"": 0.7395830471068621}",1,3,110316,4,7.401486830834376e-16,5.137233696064228e-16,0.5039415478570108,1.4960584521429892
diffusion,crank_nicolson,scipy,cold,0.125,final_only,"[20, 16]",0.07,"[0.0, 0.0]",zero_flux,0.6792704807594419,0.9569918969646096,1.4039051417684023e-05,2.785676046346275e-05,4,0.7105409167706966,"{""matrix"": 0.3269999288022518, ""factorization"": 0.21162501070648432, ""advance"": 0.1259589334949851, ""conversion"": 0.012459000572562218, ""output"": 0.007916009053587914, ""total"": 0.6980419857427478}",1,3,110316,4,7.401486830834376e-16,5.137233696064228e-16,0.5039415478570108,1.4960584521429892
diffusion,crank_nicolson,scipy,cold,0.125,final_only,"[20, 16]",0.07,"[0.0, 0.0]",zero_flux,0.6792704807594419,0.9569918969646096,1.4039051417684023e-05,2.785676046346275e-05,5,0.6480000447481871,"{""matrix"": 0.32887503039091825, ""factorization"": 0.16795797273516655, ""advance"": 0.10849989484995604, ""conversion"": 0.012165983207523823, ""output"": 0.0069160014390945435, ""total"": 0.6368750473484397}",1,3,110316,4,7.401486830834376e-16,5.137233696064228e-16,0.5039415478570108,1.4960584521429892
diffusion,crank_nicolson,scipy,cold,0.125,final_only,"[20, 16]",0.07,"[0.0, 0.0]",zero_flux,0.6792704807594419,0.9569918969646096,1.4039051417684023e-05,2.785676046346275e-05,6,0.5974998930469155,"{""matrix"": 0.28616597410291433, ""factorization"": 0.1618328969925642, ""advance"": 0.10975007899105549, ""conversion"": 0.010582967661321163, ""output"": 0.006667105481028557, ""total"": 0.5864999257028103}",1,3,110316,4,7.401486830834376e-16,5.137233696064228e-16,0.5039415478570108,1.4960584521429892
diffusion,crank_nicolson,scipy,cold,0.125,final_only,"[20, 16]",0.07,"[0.0, 0.0]",zero_flux,0.6792704807594419,0.9569918969646096,1.4039051417684023e-05,2.785676046346275e-05,7,0.582084059715271,"{""matrix"": 0.28062507044523954, ""factorization"": 0.1544170081615448, ""advance"": 0.10850001126527786, ""conversion"": 0.010124989785254002, ""output"": 0.006792135536670685, ""total"": 0.5717501044273376}",1,3,110316,4,7.401486830834376e-16,5.137233696064228e-16,0.5039415478570108,1.4960584521429892
diffusion,crank_nicolson,scipy,cold,0.125,final_only,"[20, 16]",0.07,"[0.0, 0.0]",zero_flux,0.6792704807594419,0.9569918969646096,1.4039051417684023e-05,2.785676046346275e-05,8,0.6126660155132413,"{""matrix"": 0.2912080381065607, ""factorization"": 0.1687910407781601, ""advance"": 0.1147520961239934, ""conversion"": 0.01025001984089613, ""output"": 0.006543006747961044, ""total"": 0.6024580216035247}",1,3,110316,4,7.401486830834376e-16,5.137233696064228e-16,0.5039415478570108,1.4960584521429892
diffusion,crank_nicolson,scipy,cold,0.125,final_only,"[20, 16]",0.07,"[0.0, 0.0]",zero_flux,0.6792704807594419,0.9569918969646096,1.4039051417684023e-05,2.785676046346275e-05,9,0.6059999577701092,"{""matrix"": 0.2784590469673276, ""factorization"": 0.1700409920886159, ""advance"": 0.11904176790267229, ""conversion"": 0.009958050213754177, ""output"": 0.007207971066236496, ""total"": 0.5960830021649599}",1,3,110316,4,7.401486830834376e-16,5.137233696064228e-16,0.5039415478570108,1.4960584521429892
diffusion,crank_nicolson,scipy,warm,0.125,final_only,"[20, 16]",0.07,"[0.0, 0.0]",zero_flux,0.4265829920768738,0.5597953451797366,1.4039051417684023e-05,2.785676046346275e-05,0,0.421290984377265,"{""matrix"": 0.30916708055883646, ""factorization"": 0.0, ""advance"": 0.0724178971722722, ""conversion"": 0.011082971468567848, ""output"": 0.006500980816781521, ""total"": 0.4108340945094824}",0,4,110316,4,7.401486830834376e-16,5.137233696064228e-16,0.5039415478570108,1.4960584521429892
diffusion,crank_nicolson,scipy,warm,0.125,final_only,"[20, 16]",0.07,"[0.0, 0.0]",zero_flux,0.4265829920768738,0.5597953451797366,1.4039051417684023e-05,2.785676046346275e-05,1,0.5527910543605685,"{""matrix"": 0.38712495006620884, ""factorization"": 0.0, ""advance"": 0.10641699191182852, ""conversion"": 0.009624985978007317, ""output"": 0.013584038242697716, ""total"": 0.5330829881131649}",0,4,110316,4,7.401486830834376e-16,5.137233696064228e-16,0.5039415478570108,1.4960584521429892
diffusion,crank_nicolson,scipy,warm,0.125,final_only,"[20, 16]",0.07,"[0.0, 0.0]",zero_flux,0.4265829920768738,0.5597953451797366,1.4039051417684023e-05,2.785676046346275e-05,2,0.6228339625522494,"{""matrix"": 0.44237507972866297, ""factorization"": 0.0, ""advance"": 0.10816706344485283, ""conversion"": 0.016666017472743988, ""output"": 0.013959011994302273, ""total"": 0.59908302500844}",0,4,110316,4,7.401486830834376e-16,5.137233696064228e-16,0.5039415478570108,1.4960584521429892
diffusion,crank_nicolson,scipy,warm,0.125,final_only,"[20, 16]",0.07,"[0.0, 0.0]",zero_flux,0.4265829920768738,0.5597953451797366,1.4039051417684023e-05,2.785676046346275e-05,3,0.44187495950609446,"{""matrix"": 0.31345896422863007, ""factorization"": 0.0, ""advance"": 0.07604085840284824, ""conversion"": 0.019167084246873856, ""output"": 0.007458147592842579, ""total"": 0.4289579810574651}",0,4,110316,4,7.401486830834376e-16,5.137233696064228e-16,0.5039415478570108,1.4960584521429892
diffusion,crank_nicolson,scipy,warm,0.125,final_only,"[20, 16]",0.07,"[0.0, 0.0]",zero_flux,0.4265829920768738,0.5597953451797366,1.4039051417684023e-05,2.785676046346275e-05,4,0.4425840452313423,"{""matrix"": 0.3166249953210354, ""factorization"": 0.0, ""advance"": 0.07695925887674093, ""conversion"": 0.011165975593030453, ""output"": 0.0100000761449337, ""total"": 0.42758299969136715}",0,4,110316,4,7.401486830834376e-16,5.137233696064228e-16,0.5039415478570108,1.4960584521429892
diffusion,crank_nicolson,scipy,warm,0.125,final_only,"[20, 16]",0.07,"[0.0, 0.0]",zero_flux,0.4265829920768738,0.5597953451797366,1.4039051417684023e-05,2.785676046346275e-05,5,0.4318749997764826,"{""matrix"": 0.31537492759525776, ""factorization"": 0.0, ""advance"": 0.07454084698110819, ""conversion"": 0.012165983207523823, ""output"": 0.006707967258989811, ""total"": 0.4211670020595193}",0,4,110316,4,7.401486830834376e-16,5.137233696064228e-16,0.5039415478570108,1.4960584521429892
diffusion,crank_nicolson,scipy,warm,0.125,final_only,"[20, 16]",0.07,"[0.0, 0.0]",zero_flux,0.4265829920768738,0.5597953451797366,1.4039051417684023e-05,2.785676046346275e-05,6,0.39133301470428705,"{""matrix"": 0.28000003658235073, ""factorization"": 0.0, ""advance"": 0.07299997378140688, ""conversion"": 0.010416959412395954, ""output"": 0.006458023563027382, ""total"": 0.38120895624160767}",0,4,110316,4,7.401486830834376e-16,5.137233696064228e-16,0.5039415478570108,1.4960584521429892
diffusion,crank_nicolson,scipy,warm,0.125,final_only,"[20, 16]",0.07,"[0.0, 0.0]",zero_flux,0.4265829920768738,0.5597953451797366,1.4039051417684023e-05,2.785676046346275e-05,7,0.38829189725220203,"{""matrix"": 0.27354201301932335, ""factorization"": 0.0, ""advance"": 0.07683294825255871, ""conversion"": 0.010041985660791397, ""output"": 0.006583984941244125, ""total"": 0.3778749378398061}",0,4,110316,4,7.401486830834376e-16,5.137233696064228e-16,0.5039415478570108,1.4960584521429892
diffusion,crank_nicolson,scipy,warm,0.125,final_only,"[20, 16]",0.07,"[0.0, 0.0]",zero_flux,0.4265829920768738,0.5597953451797366,1.4039051417684023e-05,2.785676046346275e-05,8,0.40316698141396046,"{""matrix"": 0.2935839584097266, ""factorization"": 0.0, ""advance"": 0.07250101771205664, ""conversion"": 0.009875046089291573, ""output"": 0.006458023563027382, ""total"": 0.39333407767117023}",0,4,110316,4,7.401486830834376e-16,5.137233696064228e-16,0.5039415478570108,1.4960584521429892
diffusion,crank_nicolson,scipy,warm,0.125,final_only,"[20, 16]",0.07,"[0.0, 0.0]",zero_flux,0.4265829920768738,0.5597953451797366,1.4039051417684023e-05,2.785676046346275e-05,9,0.39125001057982445,"{""matrix"": 0.28124998789280653, ""factorization"": 0.0, ""advance"": 0.07299915887415409, ""conversion"": 0.009750016033649445, ""output"": 0.006624963134527206, ""total"": 0.38120802491903305}",0,4,110316,4,7.401486830834376e-16,5.137233696064228e-16,0.5039415478570108,1.4960584521429892
diffusion,crank_nicolson,scipy,cold,0.0625,final_only,"[20, 16]",0.07,"[0.0, 0.0]",zero_flux,0.7961870287545025,0.9082375327125192,3.50844416400541e-06,6.9615735260875056e-06,0,0.7968330755829811,"{""matrix"": 0.2941660350188613, ""factorization"": 0.26124995201826096, ""advance"": 0.20208291243761778, ""conversion"": 0.00995793379843235, ""output"": 0.006459071300923824, ""total"": 0.7866669911891222}",1,7,110316,8,7.401486830834376e-16,3.611212576351347e-16,0.5039415478570108,1.4960584521429892
diffusion,crank_nicolson,scipy,cold,0.0625,final_only,"[20, 16]",0.07,"[0.0, 0.0]",zero_flux,0.7961870287545025,0.9082375327125192,3.50844416400541e-06,6.9615735260875056e-06,1,0.7278749253600836,"{""matrix"": 0.28454093262553215, ""factorization"": 0.21895801182836294, ""advance"": 0.1860419288277626, ""conversion"": 0.009624985978007317, ""output"": 0.0064158812165260315, ""total"": 0.7180409738793969}",1,7,110316,8,7.401486830834376e-16,3.611212576351347e-16,0.5039415478570108,1.4960584521429892
diffusion,crank_nicolson,scipy,cold,0.0625,final_only,"[20, 16]",0.07,"[0.0, 0.0]",zero_flux,0.7961870287545025,0.9082375327125192,3.50844416400541e-06,6.9615735260875056e-06,2,0.709500047378242,"{""matrix"": 0.2990829525515437, ""factorization"": 0.18583296332508326, ""advance"": 0.18487288616597652, ""conversion"": 0.009624985978007317, ""output"": 0.00695791095495224, ""total"": 0.6987500237300992}",1,7,110316,8,7.401486830834376e-16,3.611212576351347e-16,0.5039415478570108,1.4960584521429892
diffusion,crank_nicolson,scipy,cold,0.0625,final_only,"[20, 16]",0.07,"[0.0, 0.0]",zero_flux,0.7961870287545025,0.9082375327125192,3.50844416400541e-06,6.9615735260875056e-06,3,0.7154159247875214,"{""matrix"": 0.29808294493705034, ""factorization"": 0.19620906095951796, ""advance"": 0.18083187751471996, ""conversion"": 0.010916031897068024, ""output"": 0.007209018804132938, ""total"": 0.7057910552248359}",1,7,110316,8,7.401486830834376e-16,3.611212576351347e-16,0.5039415478570108,1.4960584521429892
diffusion,crank_nicolson,scipy,cold,0.0625,final_only,"[20, 16]",0.07,"[0.0, 0.0]",zero_flux,0.7961870287545025,0.9082375327125192,3.50844416400541e-06,6.9615735260875056e-06,4,0.7296670228242874,"{""matrix"": 0.31037500593811274, ""factorization"": 0.17933291383087635, ""advance"": 0.19525003153830767, ""conversion"": 0.009582960046827793, ""output"": 0.0073749106377363205, ""total"": 0.7147500291466713}",1,7,110316,8,7.401486830834376e-16,3.611212576351347e-16,0.5039415478570108,1.4960584521429892
diffusion,crank_nicolson,scipy,cold,0.0625,final_only,"[20, 16]",0.07,"[0.0, 0.0]",zero_flux,0.7961870287545025,0.9082375327125192,3.50844416400541e-06,6.9615735260875056e-06,5,0.795540981926024,"{""matrix"": 0.29179092962294817, ""factorization"": 0.15879201237112284, ""advance"": 0.27358299121260643, ""conversion"": 0.011334079317748547, ""output"": 0.017958926036953926, ""total"": 0.7730000652372837}",1,7,110316,8,7.401486830834376e-16,3.611212576351347e-16,0.5039415478570108,1.4960584521429892
diffusion,crank_nicolson,scipy,cold,0.0625,final_only,"[20, 16]",0.07,"[0.0, 0.0]",zero_flux,0.7961870287545025,0.9082375327125192,3.50844416400541e-06,6.9615735260875056e-06,6,0.9542499901726842,"{""matrix"": 0.38533296901732683, ""factorization"": 0.2996249822899699, ""advance"": 0.19970827270299196, ""conversion"": 0.02058397512882948, ""output"": 0.010624993592500687, ""total"": 0.933790928684175}",1,7,110316,8,7.401486830834376e-16,3.611212576351347e-16,0.5039415478570108,1.4960584521429892
diffusion,crank_nicolson,scipy,cold,0.0625,final_only,"[20, 16]",0.07,"[0.0, 0.0]",zero_flux,0.7961870287545025,0.9082375327125192,3.50844416400541e-06,6.9615735260875056e-06,7,0.8770419517531991,"{""matrix"": 0.34729193430393934, ""factorization"": 0.2739999908953905, ""advance"": 0.20241679158061743, ""conversion"": 0.016459031030535698, ""output"": 0.007832888513803482, ""total"": 0.8639999432489276}",1,7,110316,8,7.401486830834376e-16,3.611212576351347e-16,0.5039415478570108,1.4960584521429892
diffusion,crank_nicolson,scipy,cold,0.0625,final_only,"[20, 16]",0.07,"[0.0, 0.0]",zero_flux,0.7961870287545025,0.9082375327125192,3.50844416400541e-06,6.9615735260875056e-06,8,0.8437499636784196,"{""matrix"": 0.3005419857800007, ""factorization"": 0.22541708312928677, ""advance"": 0.25362276937812567, ""conversion"": 0.012542004697024822, ""output"": 0.012625008821487427, ""total"": 0.8234999841079116}",1,7,110316,8,7.401486830834376e-16,3.611212576351347e-16,0.5039415478570108,1.4960584521429892
diffusion,crank_nicolson,scipy,cold,0.0625,final_only,"[20, 16]",0.07,"[0.0, 0.0]",zero_flux,0.7961870287545025,0.9082375327125192,3.50844416400541e-06,6.9615735260875056e-06,9,0.9031250374391675,"{""matrix"": 0.35070895683020353, ""factorization"": 0.30279194470494986, ""advance"": 0.19391602836549282, ""conversion"": 0.01679197885096073, ""output"": 0.008041970431804657, ""total"": 0.8891669567674398}",1,7,110316,8,7.401486830834376e-16,3.611212576351347e-16,0.5039415478570108,1.4960584521429892
diffusion,crank_nicolson,scipy,warm,0.0625,final_only,"[20, 16]",0.07,"[0.0, 0.0]",zero_flux,0.4861879860982299,0.5160548374988139,3.50844416400541e-06,6.9615735260875056e-06,0,0.4985000705346465,"{""matrix"": 0.3077910514548421, ""factorization"": 0.0, ""advance"": 0.14416791964322329, ""conversion"": 0.012375065125524998, ""output"": 0.007541966624557972, ""total"": 0.48625003546476364}",0,8,110316,8,7.401486830834376e-16,3.611212576351347e-16,0.5039415478570108,1.4960584521429892
diffusion,crank_nicolson,scipy,warm,0.0625,final_only,"[20, 16]",0.07,"[0.0, 0.0]",zero_flux,0.4861879860982299,0.5160548374988139,3.50844416400541e-06,6.9615735260875056e-06,1,0.5093340296298265,"{""matrix"": 0.3009579377248883, ""factorization"": 0.0, ""advance"": 0.16112520825117826, ""conversion"": 0.01133396290242672, ""output"": 0.007500988431274891, ""total"": 0.4949169233441353}",0,8,110316,8,7.401486830834376e-16,3.611212576351347e-16,0.5039415478570108,1.4960584521429892
diffusion,crank_nicolson,scipy,warm,0.0625,final_only,"[20, 16]",0.07,"[0.0, 0.0]",zero_flux,0.4861879860982299,0.5160548374988139,3.50844416400541e-06,6.9615735260875056e-06,2,0.4877919564023614,"{""matrix"": 0.2963750157505274, ""factorization"": 0.0, ""advance"": 0.1488738926127553, ""conversion"": 0.011124997399747372, ""output"": 0.0071660615503787994, ""total"": 0.4764590412378311}",0,8,110316,8,7.401486830834376e-16,3.611212576351347e-16,0.5039415478570108,1.4960584521429892
diffusion,crank_nicolson,scipy,warm,0.0625,final_only,"[20, 16]",0.07,"[0.0, 0.0]",zero_flux,0.4861879860982299,0.5160548374988139,3.50844416400541e-06,6.9615735260875056e-06,3,0.5005840212106705,"{""matrix"": 0.2989160129800439, ""factorization"": 0.0, ""advance"": 0.15949911903589964, ""conversion"": 0.010999967344105244, ""output"": 0.007292022928595543, ""total"": 0.4897499457001686}",0,8,110316,8,7.401486830834376e-16,3.611212576351347e-16,0.5039415478570108,1.4960584521429892
diffusion,crank_nicolson,scipy,warm,0.0625,final_only,"[20, 16]",0.07,"[0.0, 0.0]",zero_flux,0.4861879860982299,0.5160548374988139,3.50844416400541e-06,6.9615735260875056e-06,4,0.47995802015066147,"{""matrix"": 0.29216695111244917, ""factorization"": 0.0, ""advance"": 0.14600204303860664, ""conversion"": 0.010750023648142815, ""output"": 0.0072498805820941925, ""total"": 0.4693340742960572}",0,8,110316,8,7.401486830834376e-16,3.611212576351347e-16,0.5039415478570108,1.4960584521429892
diffusion,crank_nicolson,scipy,warm,0.0625,final_only,"[20, 16]",0.07,"[0.0, 0.0]",zero_flux,0.4861879860982299,0.5160548374988139,3.50844416400541e-06,6.9615735260875056e-06,5,0.47866697423160076,"{""matrix"": 0.2934170188382268, ""factorization"": 0.0, ""advance"": 0.1441239146515727, ""conversion"": 0.010750023648142815, ""output"": 0.007082941010594368, ""total"": 0.4680840065702796}",0,8,110316,8,7.401486830834376e-16,3.611212576351347e-16,0.5039415478570108,1.4960584521429892
diffusion,crank_nicolson,scipy,warm,0.0625,final_only,"[20, 16]",0.07,"[0.0, 0.0]",zero_flux,0.4861879860982299,0.5160548374988139,3.50844416400541e-06,6.9615735260875056e-06,6,0.4845840157940984,"{""matrix"": 0.29579096008092165, ""factorization"": 0.0, ""advance"": 0.14745700173079967, ""conversion"": 0.010709045454859734, ""output"": 0.006875023245811462, ""total"": 0.4739159485325217}",0,8,110316,8,7.401486830834376e-16,3.611212576351347e-16,0.5039415478570108,1.4960584521429892
diffusion,crank_nicolson,scipy,warm,0.0625,final_only,"[20, 16]",0.07,"[0.0, 0.0]",zero_flux,0.4861879860982299,0.5160548374988139,3.50844416400541e-06,6.9615735260875056e-06,7,0.4837500164285302,"{""matrix"": 0.29799994081258774, ""factorization"": 0.0, ""advance"": 0.14483300037682056, ""conversion"": 0.01066701952368021, ""output"": 0.007082941010594368, ""total"": 0.4732920788228512}",0,8,110316,8,7.401486830834376e-16,3.611212576351347e-16,0.5039415478570108,1.4960584521429892
diffusion,crank_nicolson,scipy,warm,0.0625,final_only,"[20, 16]",0.07,"[0.0, 0.0]",zero_flux,0.4861879860982299,0.5160548374988139,3.50844416400541e-06,6.9615735260875056e-06,8,0.48408296424895525,"{""matrix"": 0.30112499371171, ""factorization"": 0.0, ""advance"": 0.1423341454938054, ""conversion"": 0.010707997716963291, ""output"": 0.0070409150794148445, ""total"": 0.47370896209031343}",0,8,110316,8,7.401486830834376e-16,3.611212576351347e-16,0.5039415478570108,1.4960584521429892
diffusion,crank_nicolson,scipy,warm,0.0625,final_only,"[20, 16]",0.07,"[0.0, 0.0]",zero_flux,0.4861879860982299,0.5160548374988139,3.50844416400541e-06,6.9615735260875056e-06,9,0.5765421083196998,"{""matrix"": 0.30920805875211954, ""factorization"": 0.0, ""advance"": 0.21208403632044792, ""conversion"": 0.010584015399217606, ""output"": 0.011291122063994408, ""total"": 0.5587500054389238}",0,8,110316,8,7.401486830834376e-16,3.611212576351347e-16,0.5039415478570108,1.4960584521429892
diffusion,crank_nicolson,scipy,cold,0.03125,final_only,"[20, 16]",0.07,"[0.0, 0.0]",zero_flux,0.833250000141561,0.9512209449894725,8.770286698739492e-07,1.7402299382629494e-06,0,0.8331249700859189,"{""matrix"": 0.28679193928837776, ""factorization"": 0.20058301743119955, ""advance"": 0.3018737770617008, ""conversion"": 0.01166702713817358, ""output"": 0.006707967258989811, ""total"": 0.8227078942582011}",1,15,110316,16,5.9211894646675e-16,2.887428274348511e-16,0.5039415478570108,1.4960584521429892
diffusion,crank_nicolson,scipy,cold,0.03125,final_only,"[20, 16]",0.07,"[0.0, 0.0]",zero_flux,0.833250000141561,0.9512209449894725,8.770286698739492e-07,1.7402299382629494e-06,1,0.8375420002266765,"{""matrix"": 0.2799580106511712, ""factorization"": 0.19158306531608105, ""advance"": 0.3177509643137455, ""conversion"": 0.01025001984089613, ""output"": 0.012209056876599789, ""total"": 0.8273749845102429}",1,15,110316,16,5.9211894646675e-16,2.887428274348511e-16,0.5039415478570108,1.4960584521429892
diffusion,crank_nicolson,scipy,cold,0.03125,final_only,"[20, 16]",0.07,"[0.0, 0.0]",zero_flux,0.833250000141561,0.9512209449894725,8.770286698739492e-07,1.7402299382629494e-06,2,0.8228750666603446,"{""matrix"": 0.2851670142263174, ""factorization"": 0.15958293806761503, ""advance"": 0.3344999859109521, ""conversion"": 0.009958981536328793, ""output"": 0.007209018804132938, ""total"": 0.8117079269140959}",1,15,110316,16,5.9211894646675e-16,2.887428274348511e-16,0.5039415478570108,1.4960584521429892
diffusion,crank_nicolson,scipy,cold,0.03125,final_only,"[20, 16]",0.07,"[0.0, 0.0]",zero_flux,0.833250000141561,0.9512209449894725,8.770286698739492e-07,1.7402299382629494e-06,3,0.8167080814018846,"{""matrix"": 0.29270793311297894, ""factorization"": 0.16495794989168644, ""advance"": 0.31524919904768467, ""conversion"": 0.010207993909716606, ""output"": 0.0073339324444532394, ""total"": 0.805750023573637}",1,15,110316,16,5.9211894646675e-16,2.887428274348511e-16,0.5039415478570108,1.4960584521429892
diffusion,crank_nicolson,scipy,cold,0.03125,final_only,"[20, 16]",0.07,"[0.0, 0.0]",zero_flux,0.833250000141561,0.9512209449894725,8.770286698739492e-07,1.7402299382629494e-06,4,0.8339999476447701,"{""matrix"": 0.2967079635709524, ""factorization"": 0.16241695266216993, ""advance"": 0.3297082148492336, ""conversion"": 0.011167023330926895, ""output"": 0.007292022928595543, ""total"": 0.8230831008404493}",1,15,110316,16,5.9211894646675e-16,2.887428274348511e-16,0.5039415478570108,1.4960584521429892
diffusion,crank_nicolson,scipy,cold,0.03125,final_only,"[20, 16]",0.07,"[0.0, 0.0]",zero_flux,0.833250000141561,0.9512209449894725,8.770286698739492e-07,1.7402299382629494e-06,5,0.8333750301972032,"{""matrix"": 0.3120419569313526, ""factorization"": 0.14495907817035913, ""advance"": 0.3314148634672165, ""conversion"": 0.011083902791142464, ""output"": 0.007207971066236496, ""total"": 0.82250009290874}",1,15,110316,16,5.9211894646675e-16,2.887428274348511e-16,0.5039415478570108,1.4960584521429892
diffusion,crank_nicolson,scipy,cold,0.03125,final_only,"[20, 16]",0.07,"[0.0, 0.0]",zero_flux,0.833250000141561,0.9512209449894725,8.770286698739492e-07,1.7402299382629494e-06,6,0.8167920168489218,"{""matrix"": 0.29450003057718277, ""factorization"": 0.1637920504435897, ""advance"": 0.31495909206569195, ""conversion"": 0.010333023965358734, ""output"": 0.0072499969974160194, ""total"": 0.8060830878093839}",1,15,110316,16,5.9211894646675e-16,2.887428274348511e-16,0.5039415478570108,1.4960584521429892
diffusion,crank_nicolson,scipy,cold,0.03125,final_only,"[20, 16]",0.07,"[0.0, 0.0]",zero_flux,0.833250000141561,0.9512209449894725,8.770286698739492e-07,1.7402299382629494e-06,7,0.8165830513462424,"{""matrix"": 0.2910830080509186, ""factorization"": 0.15708408318459988, ""advance"": 0.3239548532292247, ""conversion"": 0.010999967344105244, ""output"": 0.0072499969974160194, ""total"": 0.8059159154072404}",1,15,110316,16,5.9211894646675e-16,2.887428274348511e-16,0.5039415478570108,1.4960584521429892
diffusion,crank_nicolson,scipy,cold,0.03125,final_only,"[20, 16]",0.07,"[0.0, 0.0]",zero_flux,0.833250000141561,0.9512209449894725,8.770286698739492e-07,1.7402299382629494e-06,8,0.934625044465065,"{""matrix"": 0.3090410027652979, ""factorization"": 0.1498329220339656, ""advance"": 0.413584872148931, ""conversion"": 0.01091696321964264, ""output"": 0.012166914530098438, ""total"": 0.9159169858321548}",1,15,110316,16,5.9211894646675e-16,2.887428274348511e-16,0.5039415478570108,1.4960584521429892
diffusion,crank_nicolson,scipy,cold,0.03125,final_only,"[20, 16]",0.07,"[0.0, 0.0]",zero_flux,0.833250000141561,0.9512209449894725,8.770286698739492e-07,1.7402299382629494e-06,9,1.1005840497091413,"{""matrix"": 0.3481250023469329, ""factorization"": 0.3036670386791229, ""advance"": 0.3844981547445059, ""conversion"": 0.01616694498807192, ""output"": 0.01275097019970417, ""total"": 1.08616694342345}",1,15,110316,16,5.9211894646675e-16,2.887428274348511e-16,0.5039415478570108,1.4960584521429892
diffusion,crank_nicolson,scipy,warm,0.03125,final_only,"[20, 16]",0.07,"[0.0, 0.0]",zero_flux,0.6048960494808853,0.6209750892594457,8.770286698739492e-07,1.7402299382629494e-06,0,0.5990420468151569,"{""matrix"": 0.2922920975834131, ""factorization"": 0.0, ""advance"": 0.2645431086421013, ""conversion"": 0.01037493348121643, ""output"": 0.006832997314631939, ""total"": 0.5885839927941561}",0,16,110316,16,5.9211894646675e-16,2.887428274348511e-16,0.5039415478570108,1.4960584521429892
diffusion,crank_nicolson,scipy,warm,0.03125,final_only,"[20, 16]",0.07,"[0.0, 0.0]",zero_flux,0.6048960494808853,0.6209750892594457,8.770286698739492e-07,1.7402299382629494e-06,1,0.5862499820068479,"{""matrix"": 0.28024998027831316, ""factorization"": 0.0, ""advance"": 0.2643308835104108, ""conversion"": 0.01025001984089613, ""output"": 0.006749993190169334, ""total"": 0.5763339577242732}",0,16,110316,16,5.9211894646675e-16,2.887428274348511e-16,0.5039415478570108,1.4960584521429892
diffusion,crank_nicolson,scipy,warm,0.03125,final_only,"[20, 16]",0.07,"[0.0, 0.0]",zero_flux,0.6048960494808853,0.6209750892594457,8.770286698739492e-07,1.7402299382629494e-06,2,0.5933749489486217,"{""matrix"": 0.2840419765561819, ""factorization"": 0.0, ""advance"": 0.26808283291757107, ""conversion"": 0.009790994226932526, ""output"": 0.006624963134527206, ""total"": 0.5832919850945473}",0,16,110316,16,5.9211894646675e-16,2.887428274348511e-16,0.5039415478570108,1.4960584521429892
diffusion,crank_nicolson,scipy,warm,0.03125,final_only,"[20, 16]",0.07,"[0.0, 0.0]",zero_flux,0.6048960494808853,0.6209750892594457,8.770286698739492e-07,1.7402299382629494e-06,3,0.5982500733807683,"{""matrix"": 0.28158293571323156, ""factorization"": 0.0, ""advance"": 0.2755882451310754, ""conversion"": 0.009958981536328793, ""output"": 0.006332993507385254, ""total"": 0.5884579150006175}",0,16,110316,16,5.9211894646675e-16,2.887428274348511e-16,0.5039415478570108,1.4960584521429892
diffusion,crank_nicolson,scipy,warm,0.03125,final_only,"[20, 16]",0.07,"[0.0, 0.0]",zero_flux,0.6048960494808853,0.6209750892594457,8.770286698739492e-07,1.7402299382629494e-06,4,0.5901249824091792,"{""matrix"": 0.2763749798759818, ""factorization"": 0.0, ""advance"": 0.2728342078626156, ""conversion"": 0.009875046089291573, ""output"": 0.006499933078885078, ""total"": 0.5801670486107469}",0,16,110316,16,5.9211894646675e-16,2.887428274348511e-16,0.5039415478570108,1.4960584521429892
diffusion,crank_nicolson,scipy,warm,0.03125,final_only,"[20, 16]",0.07,"[0.0, 0.0]",zero_flux,0.6048960494808853,0.6209750892594457,8.770286698739492e-07,1.7402299382629494e-06,5,0.6201250944286585,"{""matrix"": 0.3062079194933176, ""factorization"": 0.0, ""advance"": 0.2691228874027729, ""conversion"": 0.010291929356753826, ""output"": 0.006459071300923824, ""total"": 0.6074589909985662}",0,16,110316,16,5.9211894646675e-16,2.887428274348511e-16,0.5039415478570108,1.4960584521429892
diffusion,crank_nicolson,scipy,warm,0.03125,final_only,"[20, 16]",0.07,"[0.0, 0.0]",zero_flux,0.6048960494808853,0.6209750892594457,8.770286698739492e-07,1.7402299382629494e-06,6,0.6111670518293977,"{""matrix"": 0.2836249768733978, ""factorization"": 0.0, ""advance"": 0.2856678329408169, ""conversion"": 0.009458046406507492, ""output"": 0.0071659451350569725, ""total"": 0.6005419418215752}",0,16,110316,16,5.9211894646675e-16,2.887428274348511e-16,0.5039415478570108,1.4960584521429892
diffusion,crank_nicolson,scipy,warm,0.03125,final_only,"[20, 16]",0.07,"[0.0, 0.0]",zero_flux,0.6048960494808853,0.6209750892594457,8.770286698739492e-07,1.7402299382629494e-06,7,0.6286250427365303,"{""matrix"": 0.28924993239343166, ""factorization"": 0.0, ""advance"": 0.29562285635620356, ""conversion"": 0.01066701952368021, ""output"": 0.0071249669417738914, ""total"": 0.6178340408951044}",0,16,110316,16,5.9211894646675e-16,2.887428274348511e-16,0.5039415478570108,1.4960584521429892
diffusion,crank_nicolson,scipy,warm,0.03125,final_only,"[20, 16]",0.07,"[0.0, 0.0]",zero_flux,0.6048960494808853,0.6209750892594457,8.770286698739492e-07,1.7402299382629494e-06,8,0.6180000491440296,"{""matrix"": 0.2918330719694495, ""factorization"": 0.0, ""advance"": 0.2834160113707185, ""conversion"": 0.009541981853544712, ""output"": 0.006292131729424, ""total"": 0.6084589986130595}",0,16,110316,16,5.9211894646675e-16,2.887428274348511e-16,0.5039415478570108,1.4960584521429892
diffusion,crank_nicolson,scipy,warm,0.03125,final_only,"[20, 16]",0.07,"[0.0, 0.0]",zero_flux,0.6048960494808853,0.6209750892594457,8.770286698739492e-07,1.7402299382629494e-06,9,0.6107500521466136,"{""matrix"": 0.2940000267699361, ""factorization"": 0.0, ""advance"": 0.2750399289652705, ""conversion"": 0.009459094144403934, ""output"": 0.007041962817311287, ""total"": 0.6001670844852924}",0,16,110316,16,5.9211894646675e-16,2.887428274348511e-16,0.5039415478570108,1.4960584521429892
diffusion,crank_nicolson,scipy,cold,0.015625,final_only,"[20, 16]",0.07,"[0.0, 0.0]",zero_flux,1.14191701868549,1.183116901665926,2.1925201961757037e-07,4.350472724290455e-07,0,1.290665939450264,"{""matrix"": 0.29674998950213194, ""factorization"": 0.35670807119458914, ""advance"": 0.5797033663839102, ""conversion"": 0.013208016753196716, ""output"": 0.010416028089821339, ""total"": 1.2776670046150684}",1,31,110316,32,2.0724163126336253e-15,2.845932360941749e-16,0.5039415478570108,1.4960584521429892
diffusion,crank_nicolson,scipy,cold,0.015625,final_only,"[20, 16]",0.07,"[0.0, 0.0]",zero_flux,1.14191701868549,1.183116901665926,2.1925201961757037e-07,4.350472724290455e-07,1,1.1711670085787773,"{""matrix"": 0.2942080609500408, ""factorization"": 0.25749998167157173, ""advance"": 0.5655405111610889, ""conversion"": 0.012042000889778137, ""output"": 0.007999013178050518, ""total"": 1.1581670260056853}",1,31,110316,32,2.0724163126336253e-15,2.845932360941749e-16,0.5039415478570108,1.4960584521429892
diffusion,crank_nicolson,scipy,cold,0.015625,final_only,"[20, 16]",0.07,"[0.0, 0.0]",zero_flux,1.14191701868549,1.183116901665926,2.1925201961757037e-07,4.350472724290455e-07,2,1.152792014181614,"{""matrix"": 0.31812500674277544, ""factorization"": 0.1923340605571866, ""advance"": 0.5887063452973962, ""conversion"": 0.012209056876599789, ""output"": 0.007582944817841053, ""total"": 1.1405410477891564}",1,31,110316,32,2.0724163126336253e-15,2.845932360941749e-16,0.5039415478570108,1.4960584521429892
diffusion,crank_nicolson,scipy,cold,0.015625,final_only,"[20, 16]",0.07,"[0.0, 0.0]",zero_flux,1.14191701868549,1.183116901665926,2.1925201961757037e-07,4.350472724290455e-07,3,1.1638340074568987,"{""matrix"": 0.29691692907363176, ""factorization"": 0.19458297174423933, ""advance"": 0.6153351860120893, ""conversion"": 0.01195794902741909, ""output"": 0.007334048859775066, ""total"": 1.1478329543024302}",1,31,110316,32,2.0724163126336253e-15,2.845932360941749e-16,0.5039415478570108,1.4960584521429892
diffusion,crank_nicolson,scipy,cold,0.015625,final_only,"[20, 16]",0.07,"[0.0, 0.0]",zero_flux,1.14191701868549,1.183116901665926,2.1925201961757037e-07,4.350472724290455e-07,4,1.1353750014677644,"{""matrix"": 0.2998750424012542, ""factorization"": 0.18808396998792887, ""advance"": 0.5984940798953176, ""conversion"": 0.011541997082531452, ""output"": 0.006458954885601997, ""total"": 1.1251249816268682}",1,31,110316,32,2.0724163126336253e-15,2.845932360941749e-16,0.5039415478570108,1.4960584521429892
diffusion,crank_nicolson,scipy,cold,0.015625,final_only,"[20, 16]",0.07,"[0.0, 0.0]",zero_flux,1.14191701868549,1.183116901665926,2.1925201961757037e-07,4.350472724290455e-07,5,1.131500001065433,"{""matrix"": 0.3141250927001238, ""factorization"": 0.1587499864399433, ""advance"": 0.6088342051953077, ""conversion"": 0.009999959729611874, ""output"": 0.0074570998549461365, ""total"": 1.1202909518033266}",1,31,110316,32,2.0724163126336253e-15,2.845932360941749e-16,0.5039415478570108,1.4960584521429892
diffusion,crank_nicolson,scipy,cold,0.015625,final_only,"[20, 16]",0.07,"[0.0, 0.0]",zero_flux,1.14191701868549,1.183116901665926,2.1925201961757037e-07,4.350472724290455e-07,6,1.123666064813733,"{""matrix"": 0.3019999712705612, ""factorization"": 0.15954195987433195, ""advance"": 0.6079176673665643, ""conversion"": 0.011457945220172405, ""output"": 0.007916940376162529, ""total"": 1.1106670135632157}",1,31,110316,32,2.0724163126336253e-15,2.845932360941749e-16,0.5039415478570108,1.4960584521429892
diffusion,crank_nicolson,scipy,cold,0.015625,final_only,"[20, 16]",0.07,"[0.0, 0.0]",zero_flux,1.14191701868549,1.183116901665926,2.1925201961757037e-07,4.350472724290455e-07,7,1.1440420057624578,"{""matrix"": 0.30454201623797417, ""factorization"": 0.167582998983562, ""advance"": 0.6227060221135616, ""conversion"": 0.011417083442211151, ""output"": 0.006582937203347683, ""total"": 1.1341660283505917}",1,31,110316,32,2.0724163126336253e-15,2.845932360941749e-16,0.5039415478570108,1.4960584521429892
diffusion,crank_nicolson,scipy,cold,0.015625,final_only,"[20, 16]",0.07,"[0.0, 0.0]",zero_flux,1.14191701868549,1.183116901665926,2.1925201961757037e-07,4.350472724290455e-07,8,1.1391249718144536,"{""matrix"": 0.3220409853383899, ""factorization"": 0.15895790420472622, ""advance"": 0.6027942290529609, ""conversion"": 0.016000005416572094, ""output"": 0.007208087481558323, ""total"": 1.128208008594811}",1,31,110316,32,2.0724163126336253e-15,2.845932360941749e-16,0.5039415478570108,1.4960584521429892
diffusion,crank_nicolson,scipy,cold,0.015625,final_only,"[20, 16]",0.07,"[0.0, 0.0]",zero_flux,1.14191701868549,1.183116901665926,2.1925201961757037e-07,4.350472724290455e-07,9,1.139792031608522,"{""matrix"": 0.3082919865846634, ""factorization"": 0.15616603195667267, ""advance"": 0.6204982055351138, ""conversion"": 0.011041993275284767, ""output"": 0.007458147592842579, ""total"": 1.1250409297645092}",1,31,110316,32,2.0724163126336253e-15,2.845932360941749e-16,0.5039415478570108,1.4960584521429892
diffusion,crank_nicolson,scipy,warm,0.015625,final_only,"[20, 16]",0.07,"[0.0, 0.0]",zero_flux,0.9281045058742166,0.9341294062323868,2.1925201961757037e-07,4.350472724290455e-07,0,0.9284589905291796,"{""matrix"": 0.3107090014964342, ""factorization"": 0.0, ""advance"": 0.5692479899153113, ""conversion"": 0.009917072020471096, ""output"": 0.0071249669417738914, ""total"": 0.917250057682395}",0,32,110316,32,2.0724163126336253e-15,2.845932360941749e-16,0.5039415478570108,1.4960584521429892
diffusion,crank_nicolson,scipy,warm,0.015625,final_only,"[20, 16]",0.07,"[0.0, 0.0]",zero_flux,0.9281045058742166,0.9341294062323868,2.1925201961757037e-07,4.350472724290455e-07,1,0.9210000280290842,"{""matrix"": 0.2983750309795141, ""factorization"": 0.0, ""advance"": 0.5726639647036791, ""conversion"": 0.010707997716963291, ""output"": 0.00700005330145359, ""total"": 0.9098750306293368}",0,32,110316,32,2.0724163126336253e-15,2.845932360941749e-16,0.5039415478570108,1.4960584521429892
diffusion,crank_nicolson,scipy,warm,0.015625,final_only,"[20, 16]",0.07,"[0.0, 0.0]",zero_flux,0.9281045058742166,0.9341294062323868,2.1925201961757037e-07,4.350472724290455e-07,2,0.9277500212192535,"{""matrix"": 0.30383304692804813, ""factorization"": 0.0, ""advance"": 0.5743332440033555, ""conversion"": 0.010541989468038082, ""output"": 0.007083057425916195, ""total"": 0.9168329415842891}",0,32,110316,32,2.0724163126336253e-15,2.845932360941749e-16,0.5039415478570108,1.4960584521429892
diffusion,crank_nicolson,scipy,warm,0.015625,final_only,"[20, 16]",0.07,"[0.0, 0.0]",zero_flux,0.9281045058742166,0.9341294062323868,2.1925201961757037e-07,4.350472724290455e-07,3,0.932666938751936,"{""matrix"": 0.3023330355063081, ""factorization"": 0.0, ""advance"": 0.5758337210863829, ""conversion"": 0.010458985343575478, ""output"": 0.010125106200575829, ""total"": 0.9219159837812185}",0,32,110316,32,2.0724163126336253e-15,2.845932360941749e-16,0.5039415478570108,1.4960584521429892
diffusion,crank_nicolson,scipy,warm,0.015625,final_only,"[20, 16]",0.07,"[0.0, 0.0]",zero_flux,0.9281045058742166,0.9341294062323868,2.1925201961757037e-07,4.350472724290455e-07,4,0.9360420517623425,"{""matrix"": 0.30449999030679464, ""factorization"": 0.0, ""advance"": 0.5819582147523761, ""conversion"": 0.010624993592500687, ""output"": 0.0069999368861317635, ""total"": 0.9253749158233404}",0,32,110316,32,2.0724163126336253e-15,2.845932360941749e-16,0.5039415478570108,1.4960584521429892
diffusion,crank_nicolson,scipy,warm,0.015625,final_only,"[20, 16]",0.07,"[0.0, 0.0]",zero_flux,0.9281045058742166,0.9341294062323868,2.1925201961757037e-07,4.350472724290455e-07,5,0.9256670018658042,"{""matrix"": 0.31050003599375486, ""factorization"": 0.0, ""advance"": 0.5657055880874395, ""conversion"": 0.010582967661321163, ""output"": 0.00700005330145359, ""total"": 0.9146248921751976}",0,32,110316,32,2.0724163126336253e-15,2.845932360941749e-16,0.5039415478570108,1.4960584521429892
diffusion,crank_nicolson,scipy,warm,0.015625,final_only,"[20, 16]",0.07,"[0.0, 0.0]",zero_flux,0.9281045058742166,0.9341294062323868,2.1925201961757037e-07,4.350472724290455e-07,6,0.9310420136898756,"{""matrix"": 0.31208398286253214, ""factorization"": 0.0, ""advance"": 0.5718760658055544, ""conversion"": 0.010499963536858559, ""output"": 0.006333924829959869, ""total"": 0.9217079496011138}",0,32,110316,32,2.0724163126336253e-15,2.845932360941749e-16,0.5039415478570108,1.4960584521429892
diffusion,crank_nicolson,scipy,warm,0.015625,final_only,"[20, 16]",0.07,"[0.0, 0.0]",zero_flux,0.9281045058742166,0.9341294062323868,2.1925201961757037e-07,4.350472724290455e-07,7,0.9252500021830201,"{""matrix"": 0.3032078966498375, ""factorization"": 0.0, ""advance"": 0.5745819071307778, ""conversion"": 0.009499955922365189, ""output"": 0.006959075108170509, ""total"": 0.9147089440375566}",0,32,110316,32,2.0724163126336253e-15,2.845932360941749e-16,0.5039415478570108,1.4960584521429892
diffusion,crank_nicolson,scipy,warm,0.015625,final_only,"[20, 16]",0.07,"[0.0, 0.0]",zero_flux,0.9281045058742166,0.9341294062323868,2.1925201961757037e-07,4.350472724290455e-07,8,0.9238329948857427,"{""matrix"": 0.2997920382767916, ""factorization"": 0.0, ""advance"": 0.5745841190218925, ""conversion"": 0.010333023965358734, ""output"": 0.0070410314947366714, ""total"": 0.9132919367402792}",0,32,110316,32,2.0724163126336253e-15,2.845932360941749e-16,0.5039415478570108,1.4960584521429892
diffusion,crank_nicolson,scipy,warm,0.015625,final_only,"[20, 16]",0.07,"[0.0, 0.0]",zero_flux,0.9281045058742166,0.9341294062323868,2.1925201961757037e-07,4.350472724290455e-07,9,0.9339168900623918,"{""matrix"": 0.3040420124307275, ""factorization"": 0.0, ""advance"": 0.5777885671705008, ""conversion"": 0.010499963536858559, ""output"": 0.00695791095495224, ""total"": 0.920457998290658}",0,32,110316,32,2.0724163126336253e-15,2.845932360941749e-16,0.5039415478570108,1.4960584521429892
diffusion,crank_nicolson,scipy,cold,0.0078125,final_only,"[20, 16]",0.07,"[0.0, 0.0]",zero_flux,1.6599789960309863,1.7408295650966465,5.481268317021573e-08,1.0876118072822294e-07,0,1.7374170711264014,"{""matrix"": 0.3084159689024091, ""factorization"": 0.16495794989168644, ""advance"": 1.201041042804718, ""conversion"": 0.011958996765315533, ""output"": 0.007248949259519577, ""total"": 1.726584043353796}",1,63,110316,64,1.7763568394002503e-15,2.6401963836616983e-16,0.5039415478570108,1.4960584521429892
diffusion,crank_nicolson,scipy,cold,0.0078125,final_only,"[20, 16]",0.07,"[0.0, 0.0]",zero_flux,1.6599789960309863,1.7408295650966465,5.481268317021573e-08,1.0876118072822294e-07,1,1.7062090337276459,"{""matrix"": 0.30037492979317904, ""factorization"": 0.16475003212690353, ""advance"": 1.179538550786674, ""conversion"": 0.010958057828247547, ""output"": 0.007082941010594368, ""total"": 1.695500104688108}",1,63,110316,64,1.7763568394002503e-15,2.6401963836616983e-16,0.5039415478570108,1.4960584521429892
diffusion,crank_nicolson,scipy,cold,0.0078125,final_only,"[20, 16]",0.07,"[0.0, 0.0]",zero_flux,1.6599789960309863,1.7408295650966465,5.481268317021573e-08,1.0876118072822294e-07,2,1.719666994176805,"{""matrix"": 0.31224999111145735, ""factorization"": 0.15387509483844042, ""advance"": 1.1931166518479586, ""conversion"": 0.010750023648142815, ""output"": 0.0070410314947366714, ""total"": 1.7088749445974827}",1,63,110316,64,1.7763568394002503e-15,2.6401963836616983e-16,0.5039415478570108,1.4960584521429892
diffusion,crank_nicolson,scipy,cold,0.0078125,final_only,"[20, 16]",0.07,"[0.0, 0.0]",zero_flux,1.6599789960309863,1.7408295650966465,5.481268317021573e-08,1.0876118072822294e-07,3,1.7715420108288527,"{""matrix"": 0.29737502336502075, ""factorization"": 0.1622500130906701, ""advance"": 1.2457049451768398, ""conversion"": 0.010791001841425896, ""output"": 0.008500064723193645, ""total"": 1.7585000023245811}",1,63,110316,64,1.7763568394002503e-15,2.6401963836616983e-16,0.5039415478570108,1.4960584521429892
diffusion,crank_nicolson,scipy,cold,0.0078125,final_only,"[20, 16]",0.07,"[0.0, 0.0]",zero_flux,1.6599789960309863,1.7408295650966465,5.481268317021573e-08,1.0876118072822294e-07,4,1.6010840190574527,"{""matrix"": 0.29858306515961885, ""factorization"": 0.17091701738536358, ""advance"": 1.070953905582428, ""conversion"": 0.011625001206994057, ""output"": 0.008375034667551517, ""total"": 1.5910840593278408}",1,63,110316,64,1.7763568394002503e-15,2.6401963836616983e-16,0.5039415478570108,1.4960584521429892
diffusion,crank_nicolson,scipy,cold,0.0078125,final_only,"[20, 16]",0.07,"[0.0, 0.0]",zero_flux,1.6599789960309863,1.7408295650966465,5.481268317021573e-08,1.0876118072822294e-07,5,1.5589160611853004,"{""matrix"": 0.27808290906250477, ""factorization"": 0.15770806930959225, ""advance"": 1.0675378143787384, ""conversion"": 0.00995793379843235, ""output"": 0.006541959010064602, ""total"": 1.5490829246118665}",1,63,110316,64,1.7763568394002503e-15,2.6401963836616983e-16,0.5039415478570108,1.4960584521429892
diffusion,crank_nicolson,scipy,cold,0.0078125,final_only,"[20, 16]",0.07,"[0.0, 0.0]",zero_flux,1.6599789960309863,1.7408295650966465,5.481268317021573e-08,1.0876118072822294e-07,6,1.6126249684020877,"{""matrix"": 0.28650008607655764, ""factorization"": 0.16016699373722076, ""advance"": 1.1086245067417622, ""conversion"": 0.010791001841425896, ""output"": 0.006459187716245651, ""total"": 1.6028749523684382}",1,63,110316,64,1.7763568394002503e-15,2.6401963836616983e-16,0.5039415478570108,1.4960584521429892
diffusion,crank_nicolson,scipy,cold,0.0078125,final_only,"[20, 16]",0.07,"[0.0, 0.0]",zero_flux,1.6599789960309863,1.7408295650966465,5.481268317021573e-08,1.0876118072822294e-07,7,1.6350839287042618,"{""matrix"": 0.30191708356142044, ""factorization"": 0.15529210213571787, ""advance"": 1.117207109928131, ""conversion"": 0.01029099803417921, ""output"": 0.009624985978007317, ""total"": 1.625583041459322}",1,63,110316,64,1.7763568394002503e-15,2.6401963836616983e-16,0.5039415478570108,1.4960584521429892
diffusion,crank_nicolson,scipy,cold,0.0078125,final_only,"[20, 16]",0.07,"[0.0, 0.0]",zero_flux,1.6599789960309863,1.7408295650966465,5.481268317021573e-08,1.0876118072822294e-07,8,1.6657080268487334,"{""matrix"": 0.27787499129772186, ""factorization"": 0.17120898701250553, ""advance"": 1.1575380340218544, ""conversion"": 0.01008401159197092, ""output"": 0.007375143468379974, ""total"": 1.655082916840911}",1,63,110316,64,1.7763568394002503e-15,2.6401963836616983e-16,0.5039415478570108,1.4960584521429892
diffusion,crank_nicolson,scipy,cold,0.0078125,final_only,"[20, 16]",0.07,"[0.0, 0.0]",zero_flux,1.6599789960309863,1.7408295650966465,5.481268317021573e-08,1.0876118072822294e-07,9,1.6542499652132392,"{""matrix"": 0.28079201001673937, ""factorization"": 0.17020804807543755, ""advance"": 1.1442492250353098, ""conversion"": 0.0112500274553895, ""output"": 0.006542075425386429, ""total"": 1.6447079833596945}",1,63,110316,64,1.7763568394002503e-15,2.6401963836616983e-16,0.5039415478570108,1.4960584521429892
diffusion,crank_nicolson,scipy,warm,0.0078125,final_only,"[20, 16]",0.07,"[0.0, 0.0]",zero_flux,1.4697714941576123,1.4941454166546464,5.481268317021573e-08,1.0876118072822294e-07,0,1.4795830938965082,"{""matrix"": 0.36866695154458284, ""factorization"": 0.0, ""advance"": 1.036999630741775, ""conversion"": 0.016915961168706417, ""output"": 0.008416012860834599, ""total"": 1.4649169752374291}",0,64,110316,64,1.7763568394002503e-15,2.6401963836616983e-16,0.5039415478570108,1.4960584521429892
diffusion,crank_nicolson,scipy,warm,0.0078125,final_only,"[20, 16]",0.07,"[0.0, 0.0]",zero_flux,1.4697714941576123,1.4941454166546464,5.481268317021573e-08,1.0876118072822294e-07,1,1.4709590468555689,"{""matrix"": 0.32833300065249205, ""factorization"": 0.0, ""advance"": 1.0789541993290186, ""conversion"": 0.01225003506988287, ""output"": 0.007292022928595543, ""total"": 1.4591660583391786}",0,64,110316,64,1.7763568394002503e-15,2.6401963836616983e-16,0.5039415478570108,1.4960584521429892
diffusion,crank_nicolson,scipy,warm,0.0078125,final_only,"[20, 16]",0.07,"[0.0, 0.0]",zero_flux,1.4697714941576123,1.4941454166546464,5.481268317021573e-08,1.0876118072822294e-07,2,1.4617090346291661,"{""matrix"": 0.30533294193446636, ""factorization"": 0.0, ""advance"": 1.0972906602546573, ""conversion"": 0.010500079952180386, ""output"": 0.006748945452272892, ""total"": 1.4514169888570905}",0,64,110316,64,1.7763568394002503e-15,2.6401963836616983e-16,0.5039415478570108,1.4960584521429892
diffusion,crank_nicolson,scipy,warm,0.0078125,final_only,"[20, 16]",0.07,"[0.0, 0.0]",zero_flux,1.4697714941576123,1.4941454166546464,5.481268317021573e-08,1.0876118072822294e-07,3,1.4899579109624028,"{""matrix"": 0.30399998649954796, ""factorization"": 0.0, ""advance"": 1.1243304470553994, ""conversion"": 0.009958981536328793, ""output"": 0.0069160014390945435, ""total"": 1.4798749471083283}",0,64,110316,64,1.7763568394002503e-15,2.6401963836616983e-16,0.5039415478570108,1.4960584521429892
diffusion,crank_nicolson,scipy,warm,0.0078125,final_only,"[20, 16]",0.07,"[0.0, 0.0]",zero_flux,1.4697714941576123,1.4941454166546464,5.481268317021573e-08,1.0876118072822294e-07,4,1.4685839414596558,"{""matrix"": 0.30816695652902126, ""factorization"": 0.0, ""advance"": 1.1030426248908043, ""conversion"": 0.009916024282574654, ""output"": 0.006499933078885078, ""total"": 1.4589170459657907}",0,64,110316,64,1.7763568394002503e-15,2.6401963836616983e-16,0.5039415478570108,1.4960584521429892
diffusion,crank_nicolson,scipy,warm,0.0078125,final_only,"[20, 16]",0.07,"[0.0, 0.0]",zero_flux,1.4697714941576123,1.4941454166546464,5.481268317021573e-08,1.0876118072822294e-07,5,1.4852919848635793,"{""matrix"": 0.31679205130785704, ""factorization"": 0.0, ""advance"": 1.099372748285532, ""conversion"": 0.009541981853544712, ""output"": 0.01108401920646429, ""total"": 1.4692499535158277}",0,64,110316,64,1.7763568394002503e-15,2.6401963836616983e-16,0.5039415478570108,1.4960584521429892
diffusion,crank_nicolson,scipy,warm,0.0078125,final_only,"[20, 16]",0.07,"[0.0, 0.0]",zero_flux,1.4697714941576123,1.4941454166546464,5.481268317021573e-08,1.0876118072822294e-07,6,1.5318329678848386,"{""matrix"": 0.31341693829745054, ""factorization"": 0.0, ""advance"": 1.1520819971337914, ""conversion"": 0.012459000572562218, ""output"": 0.007876078598201275, ""total"": 1.5184999210759997}",0,64,110316,64,1.7763568394002503e-15,2.6401963836616983e-16,0.5039415478570108,1.4960584521429892
diffusion,crank_nicolson,scipy,warm,0.0078125,final_only,"[20, 16]",0.07,"[0.0, 0.0]",zero_flux,1.4697714941576123,1.4941454166546464,5.481268317021573e-08,1.0876118072822294e-07,7,1.3876670273020864,"{""matrix"": 0.30145898927003145, ""factorization"": 0.0, ""advance"": 1.0286243632435799, ""conversion"": 0.010541058145463467, ""output"": 0.007332884706556797, ""total"": 1.377666019834578}",0,64,110316,64,1.7763568394002503e-15,2.6401963836616983e-16,0.5039415478570108,1.4960584521429892
diffusion,crank_nicolson,scipy,warm,0.0078125,final_only,"[20, 16]",0.07,"[0.0, 0.0]",zero_flux,1.4697714941576123,1.4941454166546464,5.481268317021573e-08,1.0876118072822294e-07,8,1.3698750408366323,"{""matrix"": 0.2816669875755906, ""factorization"": 0.0, ""advance"": 1.031414489261806, ""conversion"": 0.009499955922365189, ""output"": 0.0072499969974160194, ""total"": 1.3589579612016678}",0,64,110316,64,1.7763568394002503e-15,2.6401963836616983e-16,0.5039415478570108,1.4960584521429892
diffusion,crank_nicolson,scipy,warm,0.0078125,final_only,"[20, 16]",0.07,"[0.0, 0.0]",zero_flux,1.4697714941576123,1.4941454166546464,5.481268317021573e-08,1.0876118072822294e-07,9,1.4377920888364315,"{""matrix"": 0.30816602520644665, ""factorization"": 0.0, ""advance"": 1.0681668063625693, ""conversion"": 0.010541058145463467, ""output"": 0.006375019438564777, ""total"": 1.4280829345807433}",0,64,110316,64,1.7763568394002503e-15,2.6401963836616983e-16,0.5039415478570108,1.4960584521429892
diffusion,crank_nicolson,scipy,cold,0.00390625,final_only,"[20, 16]",0.07,"[0.0, 0.0]",zero_flux,2.829457982443273,2.8618421289138496,1.3703149977411048e-08,2.719025671282793e-08,0,2.7772090397775173,"{""matrix"": 0.281207961961627, ""factorization"": 0.1894170418381691, ""advance"": 2.2226633736863732, ""conversion"": 0.01083302777260542, ""output"": 0.007207971066236496, ""total"": 2.7654579607769847}",1,127,110316,128,1.6283271027835627e-15,2.659443772732623e-16,0.5039415478570108,1.4960584521429892
diffusion,crank_nicolson,scipy,cold,0.00390625,final_only,"[20, 16]",0.07,"[0.0, 0.0]",zero_flux,2.829457982443273,2.8618421289138496,1.3703149977411048e-08,2.719025671282793e-08,1,2.813874976709485,"{""matrix"": 0.2921250415965915, ""factorization"": 0.18091604579240084, ""advance"": 2.2581700468435884, ""conversion"": 0.01083302777260542, ""output"": 0.0073339324444532394, ""total"": 2.8026249492540956}",1,127,110316,128,1.6283271027835627e-15,2.659443772732623e-16,0.5039415478570108,1.4960584521429892
diffusion,crank_nicolson,scipy,cold,0.00390625,final_only,"[20, 16]",0.07,"[0.0, 0.0]",zero_flux,2.829457982443273,2.8618421289138496,1.3703149977411048e-08,2.719025671282793e-08,2,2.831874997355044,"{""matrix"": 0.3052089596167207, ""factorization"": 0.1763340551406145, ""advance"": 2.2631960455328226, ""conversion"": 0.01183303538709879, ""output"": 0.0073339324444532394, ""total"": 2.818124950863421}",1,127,110316,128,1.6283271027835627e-15,2.659443772732623e-16,0.5039415478570108,1.4960584521429892
diffusion,crank_nicolson,scipy,cold,0.00390625,final_only,"[20, 16]",0.07,"[0.0, 0.0]",zero_flux,2.829457982443273,2.8618421289138496,1.3703149977411048e-08,2.719025671282793e-08,3,2.895665937103331,"{""matrix"": 0.2986670006066561, ""factorization"": 0.175916007719934, ""advance"": 2.3366997484117746, ""conversion"": 0.011750031262636185, ""output"": 0.007209018804132938, ""total"": 2.8845829656347632}",1,127,110316,128,1.6283271027835627e-15,2.659443772732623e-16,0.5039415478570108,1.4960584521429892
diffusion,crank_nicolson,scipy,cold,0.00390625,final_only,"[20, 16]",0.07,"[0.0, 0.0]",zero_flux,2.829457982443273,2.8618421289138496,1.3703149977411048e-08,2.719025671282793e-08,4,2.858083928003907,"{""matrix"": 0.2984580351039767, ""factorization"": 0.1700000138953328, ""advance"": 2.301992499269545, ""conversion"": 0.011499971151351929, ""output"": 0.007373979315161705, ""total"": 2.8469590470194817}",1,127,110316,128,1.6283271027835627e-15,2.659443772732623e-16,0.5039415478570108,1.4960584521429892
diffusion,crank_nicolson,scipy,cold,0.00390625,final_only,"[20, 16]",0.07,"[0.0, 0.0]",zero_flux,2.829457982443273,2.8618421289138496,1.3703149977411048e-08,2.719025671282793e-08,5,2.8255829820409417,"{""matrix"": 0.3029580693691969, ""factorization"": 0.17083308193832636, ""advance"": 2.2656992077827454, ""conversion"": 0.01462490763515234, ""output"": 0.006791902706027031, ""total"": 2.814832958392799}",1,127,110316,128,1.6283271027835627e-15,2.659443772732623e-16,0.5039415478570108,1.4960584521429892
diffusion,crank_nicolson,scipy,cold,0.00390625,final_only,"[20, 16]",0.07,"[0.0, 0.0]",zero_flux,2.829457982443273,2.8618421289138496,1.3703149977411048e-08,2.719025671282793e-08,6,2.8402499156072736,"{""matrix"": 0.30820805113762617, ""factorization"": 0.15954207628965378, ""advance"": 2.2909167455509305, ""conversion"": 0.011750031262636185, ""output"": 0.006375135853886604, ""total"": 2.8305830201134086}",1,127,110316,128,1.6283271027835627e-15,2.659443772732623e-16,0.5039415478570108,1.4960584521429892
diffusion,crank_nicolson,scipy,cold,0.00390625,final_only,"[20, 16]",0.07,"[0.0, 0.0]",zero_flux,2.829457982443273,2.8618421289138496,1.3703149977411048e-08,2.719025671282793e-08,7,2.8345000464469194,"{""matrix"": 0.3252909518778324, ""factorization"": 0.15533401165157557, ""advance"": 2.2695857333019376, ""conversion"": 0.011625001206994057, ""output"": 0.007124035619199276, ""total"": 2.8237500227987766}",1,127,110316,128,1.6283271027835627e-15,2.659443772732623e-16,0.5039415478570108,1.4960584521429892
diffusion,crank_nicolson,scipy,cold,0.00390625,final_only,"[20, 16]",0.07,"[0.0, 0.0]",zero_flux,2.829457982443273,2.8618421289138496,1.3703149977411048e-08,2.719025671282793e-08,8,2.823041984811425,"{""matrix"": 0.3012920496985316, ""factorization"": 0.16783294267952442, ""advance"": 2.2697868989780545, ""conversion"": 0.01025001984089613, ""output"": 0.007124035619199276, ""total"": 2.8123330557718873}",1,127,110316,128,1.6283271027835627e-15,2.659443772732623e-16,0.5039415478570108,1.4960584521429892
diffusion,crank_nicolson,scipy,cold,0.00390625,final_only,"[20, 16]",0.07,"[0.0, 0.0]",zero_flux,2.829457982443273,2.8618421289138496,1.3703149977411048e-08,2.719025671282793e-08,9,2.8270409675315022,"{""matrix"": 0.3034580731764436, ""factorization"": 0.16583397518843412, ""advance"": 2.2755376994609833, ""conversion"": 0.0112500274553895, ""output"": 0.007126014679670334, ""total"": 2.8163749957457185}",1,127,110316,128,1.6283271027835627e-15,2.659443772732623e-16,0.5039415478570108,1.4960584521429892
diffusion,crank_nicolson,scipy,warm,0.00390625,final_only,"[20, 16]",0.07,"[0.0, 0.0]",zero_flux,2.5417915312573314,2.613745233975351,1.3703149977411048e-08,2.719025671282793e-08,0,2.453541965223849,"{""matrix"": 0.3297080984339118, ""factorization"": 0.0, ""advance"": 2.036532969214022, ""conversion"": 0.013791956007480621, ""output"": 0.00920786987990141, ""total"": 2.441084012389183}",0,128,110316,128,1.6283271027835627e-15,2.659443772732623e-16,0.5039415478570108,1.4960584521429892
diffusion,crank_nicolson,scipy,warm,0.00390625,final_only,"[20, 16]",0.07,"[0.0, 0.0]",zero_flux,2.5417915312573314,2.613745233975351,1.3703149977411048e-08,2.719025671282793e-08,1,2.4843340506777167,"{""matrix"": 0.28437504079192877, ""factorization"": 0.0, ""advance"": 2.117156167514622, ""conversion"": 0.01066701952368021, ""output"": 0.007623923011124134, ""total"": 2.4724999675527215}",0,128,110316,128,1.6283271027835627e-15,2.659443772732623e-16,0.5039415478570108,1.4960584521429892
diffusion,crank_nicolson,scipy,warm,0.00390625,final_only,"[20, 16]",0.07,"[0.0, 0.0]",zero_flux,2.5417915312573314,2.613745233975351,1.3703149977411048e-08,2.719025671282793e-08,2,2.5380830047652125,"{""matrix"": 0.29095797799527645, ""factorization"": 0.0, ""advance"": 2.167621278204024, ""conversion"": 0.009792041964828968, ""output"": 0.006624963134527206, ""total"": 2.527915989048779}",0,128,110316,128,1.6283271027835627e-15,2.659443772732623e-16,0.5039415478570108,1.4960584521429892
diffusion,crank_nicolson,scipy,warm,0.00390625,final_only,"[20, 16]",0.07,"[0.0, 0.0]",zero_flux,2.5417915312573314,2.613745233975351,1.3703149977411048e-08,2.719025671282793e-08,3,2.6347090024501085,"{""matrix"": 0.2908329479396343, ""factorization"": 0.0, ""advance"": 2.256574807688594, ""conversion"": 0.00958307646214962, ""output"": 0.008874922059476376, ""total"": 2.621916006319225}",0,128,110316,128,1.6283271027835627e-15,2.659443772732623e-16,0.5039415478570108,1.4960584521429892
diffusion,crank_nicolson,scipy,warm,0.00390625,final_only,"[20, 16]",0.07,"[0.0, 0.0]",zero_flux,2.5417915312573314,2.613745233975351,1.3703149977411048e-08,2.719025671282793e-08,4,2.54550005774945,"{""matrix"": 0.3006660845130682, ""factorization"": 0.0, ""advance"": 2.15232593473047, ""conversion"": 0.01083302777260542, ""output"": 0.011791940778493881, ""total"": 2.5278329849243164}",0,128,110316,128,1.6283271027835627e-15,2.659443772732623e-16,0.5039415478570108,1.4960584521429892
diffusion,crank_nicolson,scipy,warm,0.00390625,final_only,"[20, 16]",0.07,"[0.0, 0.0]",zero_flux,2.5417915312573314,2.613745233975351,1.3703149977411048e-08,2.719025671282793e-08,5,2.5081669446080923,"{""matrix"": 0.3072080435231328, ""factorization"": 0.0, ""advance"": 2.1134994458407164, ""conversion"": 0.011999974958598614, ""output"": 0.009041978046298027, ""total"": 2.494750078767538}",0,128,110316,128,1.6283271027835627e-15,2.659443772732623e-16,0.5039415478570108,1.4960584521429892
diffusion,crank_nicolson,scipy,warm,0.00390625,final_only,"[20, 16]",0.07,"[0.0, 0.0]",zero_flux,2.5417915312573314,2.613745233975351,1.3703149977411048e-08,2.719025671282793e-08,6,2.5572089944034815,"{""matrix"": 0.28495804872363806, ""factorization"": 0.0, ""advance"": 2.1899546263739467, ""conversion"": 0.011584023013710976, ""output"": 0.006749993190169334, ""total"": 2.5469580432400107}",0,128,110316,128,1.6283271027835627e-15,2.659443772732623e-16,0.5039415478570108,1.4960584521429892
diffusion,crank_nicolson,scipy,warm,0.00390625,final_only,"[20, 16]",0.07,"[0.0, 0.0]",zero_flux,2.5417915312573314,2.613745233975351,1.3703149977411048e-08,2.719025671282793e-08,7,2.586082904599607,"{""matrix"": 0.3023749450221658, ""factorization"": 0.0, ""advance"": 2.2028657840564847, ""conversion"": 0.010082963854074478, ""output"": 0.0067909713834524155, ""total"": 2.5752090150490403}",0,128,110316,128,1.6283271027835627e-15,2.659443772732623e-16,0.5039415478570108,1.4960584521429892
diffusion,crank_nicolson,scipy,warm,0.00390625,final_only,"[20, 16]",0.07,"[0.0, 0.0]",zero_flux,2.5417915312573314,2.613745233975351,1.3703149977411048e-08,2.719025671282793e-08,8,2.6114159263670444,"{""matrix"": 0.3103329800069332, ""factorization"": 0.0, ""advance"": 2.202607342042029, ""conversion"": 0.010874937288463116, ""output"": 0.01291697844862938, ""total"": 2.5965420063585043}",0,128,110316,128,1.6283271027835627e-15,2.659443772732623e-16,0.5039415478570108,1.4960584521429892
diffusion,crank_nicolson,scipy,warm,0.00390625,final_only,"[20, 16]",0.07,"[0.0, 0.0]",zero_flux,2.5417915312573314,2.613745233975351,1.3703149977411048e-08,2.719025671282793e-08,9,2.453165943734348,"{""matrix"": 0.30891597270965576, ""factorization"": 0.0, ""advance"": 2.062033279798925, ""conversion"": 0.011875061318278313, ""output"": 0.0075409188866615295, ""total"": 2.441750024445355}",0,128,110316,128,1.6283271027835627e-15,2.659443772732623e-16,0.5039415478570108,1.4960584521429892
transport,advection_explicit,numpy,cold,0.015625,final_only,"[20, 16]",0.07,"[0.3, -0.2]",periodic,0.6798334652557969,0.7896464667282999,0.0013008446844357733,0.0025163007033679463,0,0.6740420358255506,"{""matrix"": 0.0, ""factorization"": 0.0, ""advance"": 0.6288340082392097, ""conversion"": 0.010042102076113224, ""output"": 0.008251168765127659, ""total"": 0.6650000577792525}",0,0,0,32,0.0,0.0,0.7093869441755188,1.290613055824481
transport,advection_explicit,numpy,cold,0.015625,final_only,"[20, 16]",0.07,"[0.3, -0.2]",periodic,0.6798334652557969,0.7896464667282999,0.0013008446844357733,0.0025163007033679463,1,0.6964999483898282,"{""matrix"": 0.0, ""factorization"": 0.0, ""advance"": 0.655542709864676, ""conversion"": 0.00895792618393898, ""output"": 0.00466697383671999, ""total"": 0.6888329517096281}",0,0,0,32,0.0,0.0,0.7093869441755188,1.290613055824481
transport,advection_explicit,numpy,cold,0.015625,final_only,"[20, 16]",0.07,"[0.3, -0.2]",periodic,0.6798334652557969,0.7896464667282999,0.0013008446844357733,0.0025163007033679463,2,0.680041965097189,"{""matrix"": 0.0, ""factorization"": 0.0, ""advance"": 0.6406232714653015, ""conversion"": 0.007833004929125309, ""output"": 0.004959059879183769, ""total"": 0.671875081025064}",0,0,0,32,0.0,0.0,0.7093869441755188,1.290613055824481
transport,advection_explicit,numpy,cold,0.015625,final_only,"[20, 16]",0.07,"[0.3, -0.2]",periodic,0.6798334652557969,0.7896464667282999,0.0013008446844357733,0.0025163007033679463,3,0.7089170394465327,"{""matrix"": 0.0, ""factorization"": 0.0, ""advance"": 0.6692510796710849, ""conversion"": 0.008791103027760983, ""output"": 0.005000969395041466, ""total"": 0.7009169785305858}",0,0,0,32,0.0,0.0,0.7093869441755188,1.290613055824481
transport,advection_explicit,numpy,cold,0.015625,final_only,"[20, 16]",0.07,"[0.3, -0.2]",periodic,0.6798334652557969,0.7896464667282999,0.0013008446844357733,0.0025163007033679463,4,0.809333985671401,"{""matrix"": 0.0, ""factorization"": 0.0, ""advance"": 0.7611230248585343, ""conversion"": 0.00858306884765625, ""output"": 0.00783184077590704, ""total"": 0.7974579930305481}",0,0,0,32,0.0,0.0,0.7093869441755188,1.290613055824481
transport,advection_explicit,numpy,cold,0.015625,final_only,"[20, 16]",0.07,"[0.3, -0.2]",periodic,0.6798334652557969,0.7896464667282999,0.0013008446844357733,0.0025163007033679463,5,0.6796249654144049,"{""matrix"": 0.0, ""factorization"": 0.0, ""advance"": 0.6321676773950458, ""conversion"": 0.010874937288463116, ""output"": 0.008041970431804657, ""total"": 0.6707089487463236}",0,0,0,32,0.0,0.0,0.7093869441755188,1.290613055824481
transport,advection_explicit,numpy,cold,0.015625,final_only,"[20, 16]",0.07,"[0.3, -0.2]",periodic,0.6798334652557969,0.7896464667282999,0.0013008446844357733,0.0025163007033679463,6,0.7874589646235108,"{""matrix"": 0.0, ""factorization"": 0.0, ""advance"": 0.7346241036430001, ""conversion"": 0.008999952115118504, ""output"": 0.011292053386569023, ""total"": 0.7755829719826579}",0,0,0,32,0.0,0.0,0.7093869441755188,1.290613055824481
transport,advection_explicit,numpy,cold,0.015625,final_only,"[20, 16]",0.07,"[0.3, -0.2]",periodic,0.6798334652557969,0.7896464667282999,0.0013008446844357733,0.0025163007033679463,7,0.6632499862462282,"{""matrix"": 0.0, ""factorization"": 0.0, ""advance"": 0.6161245983093977, ""conversion"": 0.010875053703784943, ""output"": 0.008248956874012947, ""total"": 0.6541670300066471}",0,0,0,32,0.0,0.0,0.7093869441755188,1.290613055824481
transport,advection_explicit,numpy,cold,0.015625,final_only,"[20, 16]",0.07,"[0.3, -0.2]",periodic,0.6798334652557969,0.7896464667282999,0.0013008446844357733,0.0025163007033679463,8,0.6533340783789754,"{""matrix"": 0.0, ""factorization"": 0.0, ""advance"": 0.6138769676908851, ""conversion"": 0.008541974239051342, ""output"": 0.005417037755250931, ""total"": 0.6451669614762068}",0,0,0,32,0.0,0.0,0.7093869441755188,1.290613055824481
transport,advection_explicit,numpy,cold,0.015625,final_only,"[20, 16]",0.07,"[0.3, -0.2]",periodic,0.6798334652557969,0.7896464667282999,0.0013008446844357733,0.0025163007033679463,9,0.6487919017672539,"{""matrix"": 0.0, ""factorization"": 0.0, ""advance"": 0.6116689182817936, ""conversion"": 0.008333008736371994, ""output"": 0.004875008016824722, ""total"": 0.6412499351426959}",0,0,0,32,0.0,0.0,0.7093869441755188,1.290613055824481
transport,advection_explicit,numpy,warm,0.015625,final_only,"[20, 16]",0.07,"[0.3, -0.2]",periodic,0.6825629970990121,0.7040334166958928,0.0013008446844357733,0.0025163007033679463,0,0.6682920502498746,"{""matrix"": 0.0, ""factorization"": 0.0, ""advance"": 0.6301669636741281, ""conversion"": 0.008333008736371994, ""output"": 0.004666042514145374, ""total"": 0.6607079412788153}",0,0,0,32,0.0,0.0,0.7093869441755188,1.290613055824481
transport,advection_explicit,numpy,warm,0.015625,final_only,"[20, 16]",0.07,"[0.3, -0.2]",periodic,0.6825629970990121,0.7040334166958928,0.0013008446844357733,0.0025163007033679463,1,0.6570420227944851,"{""matrix"": 0.0, ""factorization"": 0.0, ""advance"": 0.6181254284456372, ""conversion"": 0.008082948625087738, ""output"": 0.005083042196929455, ""total"": 0.6487920181825757}",0,0,0,32,0.0,0.0,0.7093869441755188,1.290613055824481
transport,advection_explicit,numpy,warm,0.015625,final_only,"[20, 16]",0.07,"[0.3, -0.2]",periodic,0.6825629970990121,0.7040334166958928,0.0013008446844357733,0.0025163007033679463,2,0.6835840176790953,"{""matrix"": 0.0, ""factorization"": 0.0, ""advance"": 0.6440802244469523, ""conversion"": 0.008750008419156075, ""output"": 0.005084089934825897, ""total"": 0.6755000213161111}",0,0,0,32,0.0,0.0,0.7093869441755188,1.290613055824481
transport,advection_explicit,numpy,warm,0.015625,final_only,"[20, 16]",0.07,"[0.3, -0.2]",periodic,0.6825629970990121,0.7040334166958928,0.0013008446844357733,0.0025163007033679463,3,0.6900420412421227,"{""matrix"": 0.0, ""factorization"": 0.0, ""advance"": 0.6520390743389726, ""conversion"": 0.008500064723193645, ""output"": 0.004542060196399689, ""total"": 0.6830419879406691}",0,0,0,32,0.0,0.0,0.7093869441755188,1.290613055824481
transport,advection_explicit,numpy,warm,0.015625,final_only,"[20, 16]",0.07,"[0.3, -0.2]",periodic,0.6825629970990121,0.7040334166958928,0.0013008446844357733,0.0025163007033679463,4,0.6620000349357724,"{""matrix"": 0.0, ""factorization"": 0.0, ""advance"": 0.6245778640732169, ""conversion"": 0.007707974873483181, ""output"": 0.004917033948004246, ""total"": 0.6542500341311097}",0,0,0,32,0.0,0.0,0.7093869441755188,1.290613055824481
transport,advection_explicit,numpy,warm,0.015625,final_only,"[20, 16]",0.07,"[0.3, -0.2]",periodic,0.6825629970990121,0.7040334166958928,0.0013008446844357733,0.0025163007033679463,5,0.6943750195205212,"{""matrix"": 0.0, ""factorization"": 0.0, ""advance"": 0.6531631806865335, ""conversion"": 0.008415896445512772, ""output"": 0.0073339324444532394, ""total"": 0.6864579627290368}",0,0,0,32,0.0,0.0,0.7093869441755188,1.290613055824481
transport,advection_explicit,numpy,warm,0.015625,final_only,"[20, 16]",0.07,"[0.3, -0.2]",periodic,0.6825629970990121,0.7040334166958928,0.0013008446844357733,0.0025163007033679463,6,0.681541976518929,"{""matrix"": 0.0, ""factorization"": 0.0, ""advance"": 0.6434581009671092, ""conversion"": 0.008499948307871819, ""output"": 0.004500034265220165, ""total"": 0.6742080440744758}",0,0,0,32,0.0,0.0,0.7093869441755188,1.290613055824481
transport,advection_explicit,numpy,warm,0.015625,final_only,"[20, 16]",0.07,"[0.3, -0.2]",periodic,0.6825629970990121,0.7040334166958928,0.0013008446844357733,0.0025163007033679463,7,0.6860001012682915,"{""matrix"": 0.0, ""factorization"": 0.0, ""advance"": 0.6486213533207774, ""conversion"": 0.007582944817841053, ""output"": 0.004915986210107803, ""total"": 0.6783329881727695}",0,0,0,32,0.0,0.0,0.7093869441755188,1.290613055824481
transport,advection_explicit,numpy,warm,0.015625,final_only,"[20, 16]",0.07,"[0.3, -0.2]",periodic,0.6825629970990121,0.7040334166958928,0.0013008446844357733,0.0025163007033679463,8,0.7909589912742376,"{""matrix"": 0.0, ""factorization"": 0.0, ""advance"": 0.7418763125315309, ""conversion"": 0.00833394005894661, ""output"": 0.009415904060006142, ""total"": 0.7789999945089221}",0,0,0,32,0.0,0.0,0.7093869441755188,1.290613055824481
transport,advection_explicit,numpy,warm,0.015625,final_only,"[20, 16]",0.07,"[0.3, -0.2]",periodic,0.6825629970990121,0.7040334166958928,0.0013008446844357733,0.0025163007033679463,9,0.6733329501003027,"{""matrix"": 0.0, ""factorization"": 0.0, ""advance"": 0.6259586662054062, ""conversion"": 0.010958057828247547, ""output"": 0.007500988431274891, ""total"": 0.6646249676123261}",0,0,0,32,0.0,0.0,0.7093869441755188,1.290613055824481
transport,advection_explicit,numpy,cold,0.0078125,final_only,"[20, 16]",0.07,"[0.3, -0.2]",periodic,1.3608959852717817,1.3872458832338452,0.0006445444820947653,0.0012473434232977976,0,1.3538330094888806,"{""matrix"": 0.0, ""factorization"": 0.0, ""advance"": 1.3050449779257178, ""conversion"": 0.008042086847126484, ""output"": 0.005292007699608803, ""total"": 1.3454579748213291}",0,0,0,64,0.0,0.0,0.7093869441755188,1.290613055824481
transport,advection_explicit,numpy,cold,0.0078125,final_only,"[20, 16]",0.07,"[0.3, -0.2]",periodic,1.3608959852717817,1.3872458832338452,0.0006445444820947653,0.0012473434232977976,1,1.3616250362247229,"{""matrix"": 0.0, ""factorization"": 0.0, ""advance"": 1.3040369376540184, ""conversion"": 0.009082956239581108, ""output"": 0.005332869477570057, ""total"": 1.3469579862430692}",0,0,0,64,0.0,0.0,0.7093869441755188,1.290613055824481
transport,advection_explicit,numpy,cold,0.0078125,final_only,"[20, 16]",0.07,"[0.3, -0.2]",periodic,1.3608959852717817,1.3872458832338452,0.0006445444820947653,0.0012473434232977976,2,1.3726670295000076,"{""matrix"": 0.0, ""factorization"": 0.0, ""advance"": 1.3226171722635627, ""conversion"": 0.009458977729082108, ""output"": 0.004665926098823547, ""total"": 1.36524997651577}",0,0,0,64,0.0,0.0,0.7093869441755188,1.290613055824481
transport,advection_explicit,numpy,cold,0.0078125,final_only,"[20, 16]",0.07,"[0.3, -0.2]",periodic,1.3608959852717817,1.3872458832338452,0.0006445444820947653,0.0012473434232977976,3,1.3773749815300107,"{""matrix"": 0.0, ""factorization"": 0.0, ""advance"": 1.3259162660688162, ""conversion"": 0.007916940376162529, ""output"": 0.00500003807246685, ""total"": 1.369333011098206}",0,0,0,64,0.0,0.0,0.7093869441755188,1.290613055824481
transport,advection_explicit,numpy,cold,0.0078125,final_only,"[20, 16]",0.07,"[0.3, -0.2]",periodic,1.3608959852717817,1.3872458832338452,0.0006445444820947653,0.0012473434232977976,4,1.3613339979201555,"{""matrix"": 0.0, ""factorization"": 0.0, ""advance"": 1.3086689868941903, ""conversion"": 0.00866700429469347, ""output"": 0.004915986210107803, ""total"": 1.350124948658049}",0,0,0,64,0.0,0.0,0.7093869441755188,1.290613055824481
transport,advection_explicit,numpy,cold,0.0078125,final_only,"[20, 16]",0.07,"[0.3, -0.2]",periodic,1.3608959852717817,1.3872458832338452,0.0006445444820947653,0.0012473434232977976,5,1.476083998568356,"{""matrix"": 0.0, ""factorization"": 0.0, ""advance"": 1.4191258233040571, ""conversion"": 0.008999952115118504, ""output"": 0.0072499969974160194, ""total"": 1.4648749493062496}",0,0,0,64,0.0,0.0,0.7093869441755188,1.290613055824481
transport,advection_explicit,numpy,cold,0.0078125,final_only,"[20, 16]",0.07,"[0.3, -0.2]",periodic,1.3608959852717817,1.3872458832338452,0.0006445444820947653,0.0012473434232977976,6,1.3081670040264726,"{""matrix"": 0.0, ""factorization"": 0.0, ""advance"": 1.2523785699158907, ""conversion"": 0.011458061635494232, ""output"": 0.005249981768429279, ""total"": 1.2989169918000698}",0,0,0,64,0.0,0.0,0.7093869441755188,1.290613055824481
transport,advection_explicit,numpy,cold,0.0078125,final_only,"[20, 16]",0.07,"[0.3, -0.2]",periodic,1.3608959852717817,1.3872458832338452,0.0006445444820947653,0.0012473434232977976,7,1.2969999806955457,"{""matrix"": 0.0, ""factorization"": 0.0, ""advance"": 1.2458773562684655, ""conversion"": 0.008834060281515121, ""output"": 0.005332985892891884, ""total"": 1.2875410029664636}",0,0,0,64,0.0,0.0,0.7093869441755188,1.290613055824481
transport,advection_explicit,numpy,cold,0.0078125,final_only,"[20, 16]",0.07,"[0.3, -0.2]",periodic,1.3608959852717817,1.3872458832338452,0.0006445444820947653,0.0012473434232977976,8,1.3116250047460198,"{""matrix"": 0.0, ""factorization"": 0.0, ""advance"": 1.2606678064912558, ""conversion"": 0.009333016350865364, ""output"": 0.005166977643966675, ""total"": 1.303166034631431}",0,0,0,64,0.0,0.0,0.7093869441755188,1.290613055824481
transport,advection_explicit,numpy,cold,0.0078125,final_only,"[20, 16]",0.07,"[0.3, -0.2]",periodic,1.3608959852717817,1.3872458832338452,0.0006445444820947653,0.0012473434232977976,9,1.3604579726234078,"{""matrix"": 0.0, ""factorization"": 0.0, ""advance"": 1.3114968314766884, ""conversion"": 0.008958973921835423, ""output"": 0.00466697383671999, ""total"": 1.353041036054492}",0,0,0,64,0.0,0.0,0.7093869441755188,1.290613055824481
transport,advection_explicit,numpy,warm,0.0078125,final_only,"[20, 16]",0.07,"[0.3, -0.2]",periodic,1.3468124670907855,1.3842127518728375,0.0006445444820947653,0.0012473434232977976,0,1.3629579916596413,"{""matrix"": 0.0, ""factorization"": 0.0, ""advance"": 1.3142488896846771, ""conversion"": 0.008083065040409565, ""output"": 0.005167094059288502, ""total"": 1.3546670088544488}",0,0,0,64,0.0,0.0,0.7093869441755188,1.290613055824481
transport,advection_explicit,numpy,warm,0.0078125,final_only,"[20, 16]",0.07,"[0.3, -0.2]",periodic,1.3468124670907855,1.3842127518728375,0.0006445444820947653,0.0012473434232977976,1,1.3747919583693147,"{""matrix"": 0.0, ""factorization"": 0.0, ""advance"": 1.3237943639978766, ""conversion"": 0.008750008419156075, ""output"": 0.005209003575146198, ""total"": 1.3665410224348307}",0,0,0,64,0.0,0.0,0.7093869441755188,1.290613055824481
transport,advection_explicit,numpy,warm,0.0078125,final_only,"[20, 16]",0.07,"[0.3, -0.2]",periodic,1.3468124670907855,1.3842127518728375,0.0006445444820947653,0.0012473434232977976,2,1.4689998934045434,"{""matrix"": 0.0, ""factorization"": 0.0, ""advance"": 1.4135418459773064, ""conversion"": 0.008707982487976551, ""output"": 0.007041962817311287, ""total"": 1.4591669896617532}",0,0,0,64,0.0,0.0,0.7093869441755188,1.290613055824481
transport,advection_explicit,numpy,warm,0.0078125,final_only,"[20, 16]",0.07,"[0.3, -0.2]",periodic,1.3468124670907855,1.3842127518728375,0.0006445444820947653,0.0012473434232977976,3,1.2706660199910402,"{""matrix"": 0.0, ""factorization"": 0.0, ""advance"": 1.220249803736806, ""conversion"": 0.009750016033649445, ""output"": 0.004834029823541641, ""total"": 1.2627500109374523}",0,0,0,64,0.0,0.0,0.7093869441755188,1.290613055824481
transport,advection_explicit,numpy,warm,0.0078125,final_only,"[20, 16]",0.07,"[0.3, -0.2]",periodic,1.3468124670907855,1.3842127518728375,0.0006445444820947653,0.0012473434232977976,4,1.26616598572582,"{""matrix"": 0.0, ""factorization"": 0.0, ""advance"": 1.21770310215652, ""conversion"": 0.00808399636298418, ""output"": 0.007541966624557972, ""total"": 1.2591249542310834}",0,0,0,64,0.0,0.0,0.7093869441755188,1.290613055824481
transport,advection_explicit,numpy,warm,0.0078125,final_only,"[20, 16]",0.07,"[0.3, -0.2]",periodic,1.3468124670907855,1.3842127518728375,0.0006445444820947653,0.0012473434232977976,5,1.2879580026492476,"{""matrix"": 0.0, ""factorization"": 0.0, ""advance"": 1.2387994211167097, ""conversion"": 0.0077909789979457855, ""output"": 0.005124020390212536, ""total"": 1.2792909983545542}",0,0,0,64,0.0,0.0,0.7093869441755188,1.290613055824481
transport,advection_explicit,numpy,warm,0.0078125,final_only,"[20, 16]",0.07,"[0.3, -0.2]",periodic,1.3468124670907855,1.3842127518728375,0.0006445444820947653,0.0012473434232977976,6,1.345040975138545,"{""matrix"": 0.0, ""factorization"": 0.0, ""advance"": 1.2965832138434052, ""conversion"": 0.008792034350335598, ""output"": 0.004582921974360943, ""total"": 1.3375409180298448}",0,0,0,64,0.0,0.0,0.7093869441755188,1.290613055824481
transport,advection_explicit,numpy,warm,0.0078125,final_only,"[20, 16]",0.07,"[0.3, -0.2]",periodic,1.3468124670907855,1.3842127518728375,0.0006445444820947653,0.0012473434232977976,7,1.348583959043026,"{""matrix"": 0.0, ""factorization"": 0.0, ""advance"": 1.2982925400137901, ""conversion"": 0.009167008101940155, ""output"": 0.005000154487788677, ""total"": 1.3398750452324748}",0,0,0,64,0.0,0.0,0.7093869441755188,1.290613055824481
transport,advection_explicit,numpy,warm,0.0078125,final_only,"[20, 16]",0.07,"[0.3, -0.2]",periodic,1.3468124670907855,1.3842127518728375,0.0006445444820947653,0.0012473434232977976,8,1.3397909933701158,"{""matrix"": 0.0, ""factorization"": 0.0, ""advance"": 1.289329375140369, ""conversion"": 0.007709022611379623, ""output"": 0.004958943463861942, ""total"": 1.3319579884409904}",0,0,0,64,0.0,0.0,0.7093869441755188,1.290613055824481
transport,advection_explicit,numpy,warm,0.0078125,final_only,"[20, 16]",0.07,"[0.3, -0.2]",periodic,1.3468124670907855,1.3842127518728375,0.0006445444820947653,0.0012473434232977976,9,1.3669169275090098,"{""matrix"": 0.0, ""factorization"": 0.0, ""advance"": 1.317711197771132, ""conversion"": 0.008458038792014122, ""output"": 0.005042064003646374, ""total"": 1.35908299125731}",0,0,0,64,0.0,0.0,0.7093869441755188,1.290613055824481
transport,advection_explicit,numpy,cold,0.00390625,final_only,"[20, 16]",0.07,"[0.3, -0.2]",periodic,2.662708458956331,2.7787458966486156,0.0003208279417089965,0.0006210128790526959,0,2.693624934181571,"{""matrix"": 0.0, ""factorization"": 0.0, ""advance"": 2.623117412440479, ""conversion"": 0.008833012543618679, ""output"": 0.005249981768429279, ""total"": 2.6842920342460275}",0,0,0,128,0.0,0.0,0.7093869441755188,1.290613055824481
transport,advection_explicit,numpy,cold,0.00390625,final_only,"[20, 16]",0.07,"[0.3, -0.2]",periodic,2.662708458956331,2.7787458966486156,0.0003208279417089965,0.0006210128790526959,1,2.7888340409845114,"{""matrix"": 0.0, ""factorization"": 0.0, ""advance"": 2.7078355196863413, ""conversion"": 0.008750008419156075, ""output"": 0.009000999853014946, ""total"": 2.7780410600826144}",0,0,0,128,0.0,0.0,0.7093869441755188,1.290613055824481
transport,advection_explicit,numpy,cold,0.00390625,final_only,"[20, 16]",0.07,"[0.3, -0.2]",periodic,2.662708458956331,2.7787458966486156,0.0003208279417089965,0.0006210128790526959,2,2.5314170634374022,"{""matrix"": 0.0, ""factorization"": 0.0, ""advance"": 2.456376329064369, ""conversion"": 0.009917072020471096, ""output"": 0.008291099220514297, ""total"": 2.5212919572368264}",0,0,0,128,0.0,0.0,0.7093869441755188,1.290613055824481
transport,advection_explicit,numpy,cold,0.00390625,final_only,"[20, 16]",0.07,"[0.3, -0.2]",periodic,2.662708458956331,2.7787458966486156,0.0003208279417089965,0.0006210128790526959,3,2.631791983731091,"{""matrix"": 0.0, ""factorization"": 0.0, ""advance"": 2.561456407420337, ""conversion"": 0.009750016033649445, ""output"": 0.005249981768429279, ""total"": 2.623375039547682}",0,0,0,128,0.0,0.0,0.7093869441755188,1.290613055824481
transport,advection_explicit,numpy,cold,0.00390625,final_only,"[20, 16]",0.07,"[0.3, -0.2]",periodic,2.662708458956331,2.7787458966486156,0.0003208279417089965,0.0006210128790526959,4,2.71012494340539,"{""matrix"": 0.0, ""factorization"": 0.0, ""advance"": 2.6401670183986425, ""conversion"": 0.008375034667551517, ""output"": 0.005499925464391708, ""total"": 2.701333025470376}",0,0,0,128,0.0,0.0,0.7093869441755188,1.290613055824481
transport,advection_explicit,numpy,cold,0.00390625,final_only,"[20, 16]",0.07,"[0.3, -0.2]",periodic,2.662708458956331,2.7787458966486156,0.0003208279417089965,0.0006210128790526959,5,2.777624991722405,"{""matrix"": 0.0, ""factorization"": 0.0, ""advance"": 2.697243238799274, ""conversion"": 0.009165960364043713, ""output"": 0.010332907550036907, ""total"": 2.7672500582411885}",0,0,0,128,0.0,0.0,0.7093869441755188,1.290613055824481
transport,advection_explicit,numpy,cold,0.00390625,final_only,"[20, 16]",0.07,"[0.3, -0.2]",periodic,2.662708458956331,2.7787458966486156,0.0003208279417089965,0.0006210128790526959,6,2.5223339907824993,"{""matrix"": 0.0, ""factorization"": 0.0, ""advance"": 2.4407843593508005, ""conversion"": 0.00937492586672306, ""output"": 0.005332985892891884, ""total"": 2.5144160026684403}",0,0,0,128,0.0,0.0,0.7093869441755188,1.290613055824481
transport,advection_explicit,numpy,cold,0.00390625,final_only,"[20, 16]",0.07,"[0.3, -0.2]",periodic,2.662708458956331,2.7787458966486156,0.0003208279417089965,0.0006210128790526959,7,2.559624961577356,"{""matrix"": 0.0, ""factorization"": 0.0, ""advance"": 2.491998136974871, ""conversion"": 0.008209026418626308, ""output"": 0.007042079232633114, ""total"": 2.552333055064082}",0,0,0,128,0.0,0.0,0.7093869441755188,1.290613055824481
transport,advection_explicit,numpy,cold,0.00390625,final_only,"[20, 16]",0.07,"[0.3, -0.2]",periodic,2.662708458956331,2.7787458966486156,0.0003208279417089965,0.0006210128790526959,8,2.621249994263053,"{""matrix"": 0.0, ""factorization"": 0.0, ""advance"": 2.5551291182637215, ""conversion"": 0.007833936251699924, ""output"": 0.004707952030003071, ""total"": 2.6138750836253166}",0,0,0,128,0.0,0.0,0.7093869441755188,1.290613055824481
transport,advection_explicit,numpy,cold,0.00390625,final_only,"[20, 16]",0.07,"[0.3, -0.2]",periodic,2.662708458956331,2.7787458966486156,0.0003208279417089965,0.0006210128790526959,9,2.7514169923961163,"{""matrix"": 0.0, ""factorization"": 0.0, ""advance"": 2.6685777120292187, ""conversion"": 0.0077500008046627045, ""output"": 0.01133396290242672, ""total"": 2.740458003245294}",0,0,0,128,0.0,0.0,0.7093869441755188,1.290613055824481
transport,advection_explicit,numpy,warm,0.00390625,final_only,"[20, 16]",0.07,"[0.3, -0.2]",periodic,2.7201874181628227,2.7530035586096346,0.0003208279417089965,0.0006210128790526959,0,2.659625024534762,"{""matrix"": 0.0, ""factorization"": 0.0, ""advance"": 2.5881666224449873, ""conversion"": 0.008124974556267262, ""output"": 0.00825000461190939, ""total"": 2.651083981618285}",0,0,0,128,0.0,0.0,0.7093869441755188,1.290613055824481
transport,advection_explicit,numpy,warm,0.00390625,final_only,"[20, 16]",0.07,"[0.3, -0.2]",periodic,2.7201874181628227,2.7530035586096346,0.0003208279417089965,0.0006210128790526959,1,2.6686249766498804,"{""matrix"": 0.0, ""factorization"": 0.0, ""advance"": 2.597044571302831, ""conversion"": 0.008834060281515121, ""output"": 0.007375027053058147, ""total"": 2.6612080400809646}",0,0,0,128,0.0,0.0,0.7093869441755188,1.290613055824481
transport,advection_explicit,numpy,warm,0.00390625,final_only,"[20, 16]",0.07,"[0.3, -0.2]",periodic,2.7201874181628227,2.7530035586096346,0.0003208279417089965,0.0006210128790526959,2,2.7019170811399817,"{""matrix"": 0.0, ""factorization"": 0.0, ""advance"": 2.6351987617090344, ""conversion"": 0.007915892638266087, ""output"": 0.00520702451467514, ""total"": 2.6937919901683927}",0,0,0,128,0.0,0.0,0.7093869441755188,1.290613055824481
transport,advection_explicit,numpy,warm,0.00390625,final_only,"[20, 16]",0.07,"[0.3, -0.2]",periodic,2.7201874181628227,2.7530035586096346,0.0003208279417089965,0.0006210128790526959,3,2.79316701926291,"{""matrix"": 0.0, ""factorization"": 0.0, ""advance"": 2.722593257203698, ""conversion"": 0.008791917935013771, ""output"": 0.004958128556609154, ""total"": 2.7857919922098517}",0,0,0,128,0.0,0.0,0.7093869441755188,1.290613055824481
transport,advection_explicit,numpy,warm,0.00390625,final_only,"[20, 16]",0.07,"[0.3, -0.2]",periodic,2.7201874181628227,2.7530035586096346,0.0003208279417089965,0.0006210128790526959,4,2.722041914239526,"{""matrix"": 0.0, ""factorization"": 0.0, ""advance"": 2.6531986659392715, ""conversion"": 0.00800006091594696, ""output"": 0.005166046321392059, ""total"": 2.7141249738633633}",0,0,0,128,0.0,0.0,0.7093869441755188,1.290613055824481
transport,advection_explicit,numpy,warm,0.00390625,final_only,"[20, 16]",0.07,"[0.3, -0.2]",periodic,2.7201874181628227,2.7530035586096346,0.0003208279417089965,0.0006210128790526959,5,2.7183329220861197,"{""matrix"": 0.0, ""factorization"": 0.0, ""advance"": 2.648167544975877, ""conversion"": 0.00866700429469347, ""output"": 0.005125883035361767, ""total"": 2.710375003516674}",0,0,0,128,0.0,0.0,0.7093869441755188,1.290613055824481
transport,advection_explicit,numpy,warm,0.00390625,final_only,"[20, 16]",0.07,"[0.3, -0.2]",periodic,2.7201874181628227,2.7530035586096346,0.0003208279417089965,0.0006210128790526959,6,2.7472079964354634,"{""matrix"": 0.0, ""factorization"": 0.0, ""advance"": 2.6765037328004837, ""conversion"": 0.008709030225872993, ""output"": 0.005334033630788326, ""total"": 2.7391669573262334}",0,0,0,128,0.0,0.0,0.7093869441755188,1.290613055824481
transport,advection_explicit,numpy,warm,0.00390625,final_only,"[20, 16]",0.07,"[0.3, -0.2]",periodic,2.7201874181628227,2.7530035586096346,0.0003208279417089965,0.0006210128790526959,7,2.748540951870382,"{""matrix"": 0.0, ""factorization"": 0.0, ""advance"": 2.6777046732604504, ""conversion"": 0.008584000170230865, ""output"": 0.005333917215466499, ""total"": 2.7404590509831905}",0,0,0,128,0.0,0.0,0.7093869441755188,1.290613055824481
transport,advection_explicit,numpy,warm,0.00390625,final_only,"[20, 16]",0.07,"[0.3, -0.2]",periodic,2.7201874181628227,2.7530035586096346,0.0003208279417089965,0.0006210128790526959,8,2.702833036892116,"{""matrix"": 0.0, ""factorization"": 0.0, ""advance"": 2.6337048038840294, ""conversion"": 0.00837491825222969, ""output"": 0.005083042196929455, ""total"": 2.6950830360874534}",0,0,0,128,0.0,0.0,0.7093869441755188,1.290613055824481
transport,advection_explicit,numpy,warm,0.00390625,final_only,"[20, 16]",0.07,"[0.3, -0.2]",periodic,2.7201874181628227,2.7530035586096346,0.0003208279417089965,0.0006210128790526959,9,2.73637508507818,"{""matrix"": 0.0, ""factorization"": 0.0, ""advance"": 2.6658313581719995, ""conversion"": 0.008624978363513947, ""output"": 0.005208072252571583, ""total"": 2.7282090159133077}",0,0,0,128,0.0,0.0,0.7093869441755188,1.290613055824481
transport,advection_explicit,numpy,cold,0.001953125,final_only,"[20, 16]",0.07,"[0.3, -0.2]",periodic,5.298604024574161,5.464508617296815,0.00016005597452820253,0.00030984699154590345,0,5.170291988179088,"{""matrix"": 0.0, ""factorization"": 0.0, ""advance"": 5.055990652181208, ""conversion"": 0.010833959095180035, ""output"": 0.005749985575675964, ""total"": 5.160290980711579}",0,0,0,256,0.0,0.0,0.7093869441755188,1.290613055824481
transport,advection_explicit,numpy,cold,0.001953125,final_only,"[20, 16]",0.07,"[0.3, -0.2]",periodic,5.298604024574161,5.464508617296815,0.00016005597452820253,0.00030984699154590345,1,5.292249959893525,"{""matrix"": 0.0, ""factorization"": 0.0, ""advance"": 5.128865595906973, ""conversion"": 0.009541050530970097, ""output"": 0.008126022294163704, ""total"": 5.275542032904923}",0,0,0,256,0.0,0.0,0.7093869441755188,1.290613055824481
transport,advection_explicit,numpy,cold,0.001953125,final_only,"[20, 16]",0.07,"[0.3, -0.2]",periodic,5.298604024574161,5.464508617296815,0.00016005597452820253,0.00030984699154590345,2,5.3049580892547965,"{""matrix"": 0.0, ""factorization"": 0.0, ""advance"": 5.189161514863372, ""conversion"": 0.011750031262636185, ""output"": 0.005625071935355663, ""total"": 5.295124952681363}",0,0,0,256,0.0,0.0,0.7093869441755188,1.290613055824481
transport,advection_explicit,numpy,cold,0.001953125,final_only,"[20, 16]",0.07,"[0.3, -0.2]",periodic,5.298604024574161,5.464508617296815,0.00016005597452820253,0.00030984699154590345,3,5.362292053177953,"{""matrix"": 0.0, ""factorization"": 0.0, ""advance"": 5.2475284319370985, ""conversion"": 0.009416951797902584, ""output"": 0.006792019121348858, ""total"": 5.352624924853444}",0,0,0,256,0.0,0.0,0.7093869441755188,1.290613055824481
transport,advection_explicit,numpy,cold,0.001953125,final_only,"[20, 16]",0.07,"[0.3, -0.2]",periodic,5.298604024574161,5.464508617296815,0.00016005597452820253,0.00030984699154590345,4,5.2564580691978335,"{""matrix"": 0.0, ""factorization"": 0.0, ""advance"": 5.145795294083655, ""conversion"": 0.00966701190918684, ""output"": 0.005375128239393234, ""total"": 5.2472499664872885}",0,0,0,256,0.0,0.0,0.7093869441755188,1.290613055824481
transport,advection_explicit,numpy,cold,0.001953125,final_only,"[20, 16]",0.07,"[0.3, -0.2]",periodic,5.298604024574161,5.464508617296815,0.00016005597452820253,0.00030984699154590345,5,5.456042010337114,"{""matrix"": 0.0, ""factorization"": 0.0, ""advance"": 5.342130083590746, ""conversion"": 0.009457929991185665, ""output"": 0.005834037438035011, ""total"": 5.447041941806674}",0,0,0,256,0.0,0.0,0.7093869441755188,1.290613055824481
transport,advection_explicit,numpy,cold,0.001953125,final_only,"[20, 16]",0.07,"[0.3, -0.2]",periodic,5.298604024574161,5.464508617296815,0.00016005597452820253,0.00030984699154590345,6,5.281542078591883,"{""matrix"": 0.0, ""factorization"": 0.0, ""advance"": 5.15577953774482, ""conversion"": 0.009167008101940155, ""output"": 0.005624955520033836, ""total"": 5.272374954074621}",0,0,0,256,0.0,0.0,0.7093869441755188,1.290613055824481
transport,advection_explicit,numpy,cold,0.001953125,final_only,"[20, 16]",0.07,"[0.3, -0.2]",periodic,5.298604024574161,5.464508617296815,0.00016005597452820253,0.00030984699154590345,7,5.462416913360357,"{""matrix"": 0.0, ""factorization"": 0.0, ""advance"": 5.346619174815714, ""conversion"": 0.009584007784724236, ""output"": 0.005749985575675964, ""total"": 5.454040947370231}",0,0,0,256,0.0,0.0,0.7093869441755188,1.290613055824481
transport,advection_explicit,numpy,cold,0.001953125,final_only,"[20, 16]",0.07,"[0.3, -0.2]",periodic,5.298604024574161,5.464508617296815,0.00016005597452820253,0.00030984699154590345,8,5.212999996729195,"{""matrix"": 0.0, ""factorization"": 0.0, ""advance"": 5.104018258862197, ""conversion"": 0.008875038474798203, ""output"": 0.005125068128108978, ""total"": 5.205125082284212}",0,0,0,256,0.0,0.0,0.7093869441755188,1.290613055824481
transport,advection_explicit,numpy,cold,0.001953125,final_only,"[20, 16]",0.07,"[0.3, -0.2]",periodic,5.298604024574161,5.464508617296815,0.00016005597452820253,0.00030984699154590345,9,5.483333952724934,"{""matrix"": 0.0, ""factorization"": 0.0, ""advance"": 5.371704464778304, ""conversion"": 0.008416944183409214, ""output"": 0.005166977643966675, ""total"": 5.47454203478992}",0,0,0,256,0.0,0.0,0.7093869441755188,1.290613055824481
transport,advection_explicit,numpy,warm,0.001953125,final_only,"[20, 16]",0.07,"[0.3, -0.2]",periodic,5.398208508267999,5.472462507896125,0.00016005597452820253,0.00030984699154590345,0,5.465249996632338,"{""matrix"": 0.0, ""factorization"": 0.0, ""advance"": 5.350411986000836, ""conversion"": 0.009750016033649445, ""output"": 0.005749985575675964, ""total"": 5.456333048641682}",0,0,0,256,0.0,0.0,0.7093869441755188,1.290613055824481
transport,advection_explicit,numpy,warm,0.001953125,final_only,"[20, 16]",0.07,"[0.3, -0.2]",periodic,5.398208508267999,5.472462507896125,0.00016005597452820253,0.00030984699154590345,1,5.451582954265177,"{""matrix"": 0.0, ""factorization"": 0.0, ""advance"": 5.337915848940611, ""conversion"": 0.00925001222640276, ""output"": 0.005500973202288151, ""total"": 5.442999885417521}",0,0,0,256,0.0,0.0,0.7093869441755188,1.290613055824481
transport,advection_explicit,numpy,warm,0.001953125,final_only,"[20, 16]",0.07,"[0.3, -0.2]",periodic,5.398208508267999,5.472462507896125,0.00016005597452820253,0.00030984699154590345,2,5.537375109270215,"{""matrix"": 0.0, ""factorization"": 0.0, ""advance"": 5.412615602836013, ""conversion"": 0.008707982487976551, ""output"": 0.008584000170230865, ""total"": 5.525041953660548}",0,0,0,256,0.0,0.0,0.7093869441755188,1.290613055824481
transport,advection_explicit,numpy,warm,0.001953125,final_only,"[20, 16]",0.07,"[0.3, -0.2]",periodic,5.398208508267999,5.472462507896125,0.00016005597452820253,0.00030984699154590345,3,5.022792029194534,"{""matrix"": 0.0, ""factorization"": 0.0, ""advance"": 4.907461814582348, ""conversion"": 0.012375065125524998, ""output"": 0.006166985258460045, ""total"": 5.012750043533742}",0,0,0,256,0.0,0.0,0.7093869441755188,1.290613055824481
transport,advection_explicit,numpy,warm,0.001953125,final_only,"[20, 16]",0.07,"[0.3, -0.2]",periodic,5.398208508267999,5.472462507896125,0.00016005597452820253,0.00030984699154590345,4,5.330916959792376,"{""matrix"": 0.0, ""factorization"": 0.0, ""advance"": 5.2076923893764615, ""conversion"": 0.010875053703784943, ""output"": 0.00845699105411768, ""total"": 5.320125026628375}",0,0,0,256,0.0,0.0,0.7093869441755188,1.290613055824481
transport,advection_explicit,numpy,warm,0.001953125,final_only,"[20, 16]",0.07,"[0.3, -0.2]",periodic,5.398208508267999,5.472462507896125,0.00016005597452820253,0.00030984699154590345,5,5.161375040188432,"{""matrix"": 0.0, ""factorization"": 0.0, ""advance"": 5.048826104030013, ""conversion"": 0.010334071703255177, ""output"": 0.006041023880243301, ""total"": 5.151916993781924}",0,0,0,256,0.0,0.0,0.7093869441755188,1.290613055824481
transport,advection_explicit,numpy,warm,0.001953125,final_only,"[20, 16]",0.07,"[0.3, -0.2]",periodic,5.398208508267999,5.472462507896125,0.00016005597452820253,0.00030984699154590345,6,5.382167058996856,"{""matrix"": 0.0, ""factorization"": 0.0, ""advance"": 5.270242458209395, ""conversion"": 0.009792041964828968, ""output"": 0.005249981768429279, ""total"": 5.374000058509409}",0,0,0,256,0.0,0.0,0.7093869441755188,1.290613055824481
transport,advection_explicit,numpy,warm,0.001953125,final_only,"[20, 16]",0.07,"[0.3, -0.2]",periodic,5.398208508267999,5.472462507896125,0.00016005597452820253,0.00030984699154590345,7,5.445249960757792,"{""matrix"": 0.0, ""factorization"": 0.0, ""advance"": 5.334243644028902, ""conversion"": 0.008417060598731041, ""output"": 0.00508397351950407, ""total"": 5.437500076368451}",0,0,0,256,0.0,0.0,0.7093869441755188,1.290613055824481
transport,advection_explicit,numpy,warm,0.001953125,final_only,"[20, 16]",0.07,"[0.3, -0.2]",periodic,5.398208508267999,5.472462507896125,0.00016005597452820253,0.00030984699154590345,8,5.414249957539141,"{""matrix"": 0.0, ""factorization"": 0.0, ""advance"": 5.302441888488829, ""conversion"": 0.00825000461190939, ""output"": 0.005458015948534012, ""total"": 5.405790987424552}",0,0,0,256,0.0,0.0,0.7093869441755188,1.290613055824481
transport,advection_explicit,numpy,warm,0.001953125,final_only,"[20, 16]",0.07,"[0.3, -0.2]",periodic,5.398208508267999,5.472462507896125,0.00016005597452820253,0.00030984699154590345,9,5.116707994602621,"{""matrix"": 0.0, ""factorization"": 0.0, ""advance"": 5.006046267226338, ""conversion"": 0.008958042599260807, ""output"": 0.0066659413278102875, ""total"": 5.106500000692904}",0,0,0,256,0.0,0.0,0.7093869441755188,1.290613055824481
transport,imex_euler,numpy_scipy,cold,0.03125,final_only,"[20, 16]",0.07,"[0.3, -0.2]",periodic,1.129499461967498,1.2036285595968366,0.0020696438948290237,0.003911821573065799,0,1.1967909522354603,"{""matrix"": 0.3066660137847066, ""factorization"": 0.33170892857015133, ""advance"": 0.5147501360625029, ""conversion"": 0.009875046089291573, ""output"": 0.0071249669417738914, ""total"": 1.1862090323120356}",1,15,187500,16,1.7763568394002503e-15,4.0703275324008857e-16,0.7093869441755188,1.290613055824481
transport,imex_euler,numpy_scipy,cold,0.03125,final_only,"[20, 16]",0.07,"[0.3, -0.2]",periodic,1.129499461967498,1.2036285595968366,0.0020696438948290237,0.003911821573065799,1,1.1462080292403698,"{""matrix"": 0.3010000800713897, ""factorization"": 0.2862920518964529, ""advance"": 0.514084124006331, ""conversion"": 0.010750023648142815, ""output"": 0.00700005330145359, ""total"": 1.1356250615790486}",1,15,187500,16,1.7763568394002503e-15,4.0703275324008857e-16,0.7093869441755188,1.290613055824481
transport,imex_euler,numpy_scipy,cold,0.03125,final_only,"[20, 16]",0.07,"[0.3, -0.2]",periodic,1.129499461967498,1.2036285595968366,0.0020696438948290237,0.003911821573065799,2,1.1678750161081553,"{""matrix"": 0.2967079635709524, ""factorization"": 0.2633749973028898, ""advance"": 0.52837491966784, ""conversion"": 0.010500079952180386, ""output"": 0.04008202813565731, ""total"": 1.1563750449568033}",1,15,187500,16,1.7763568394002503e-15,4.0703275324008857e-16,0.7093869441755188,1.290613055824481
transport,imex_euler,numpy_scipy,cold,0.03125,final_only,"[20, 16]",0.07,"[0.3, -0.2]",periodic,1.129499461967498,1.2036285595968366,0.0020696438948290237,0.003911821573065799,3,1.2651670258492231,"{""matrix"": 0.33845799043774605, ""factorization"": 0.37150003481656313, ""advance"": 0.510995858348906, ""conversion"": 0.011166906915605068, ""output"": 0.006541027687489986, ""total"": 1.2551660183817148}",1,15,187500,16,1.7763568394002503e-15,4.0703275324008857e-16,0.7093869441755188,1.290613055824481
transport,imex_euler,numpy_scipy,cold,0.03125,final_only,"[20, 16]",0.07,"[0.3, -0.2]",periodic,1.129499461967498,1.2036285595968366,0.0020696438948290237,0.003911821573065799,4,1.140040927566588,"{""matrix"": 0.29141700360924006, ""factorization"": 0.3101660404354334, ""advance"": 0.49479096196591854, ""conversion"": 0.010750023648142815, ""output"": 0.006416928954422474, ""total"": 1.1296250158920884}",1,15,187500,16,1.7763568394002503e-15,4.0703275324008857e-16,0.7093869441755188,1.290613055824481
transport,imex_euler,numpy_scipy,cold,0.03125,final_only,"[20, 16]",0.07,"[0.3, -0.2]",periodic,1.129499461967498,1.2036285595968366,0.0020696438948290237,0.003911821573065799,5,1.1189579963684082,"{""matrix"": 0.29095797799527645, ""factorization"": 0.27029099874198437, ""advance"": 0.5124588496983051, ""conversion"": 0.010624993592500687, ""output"": 0.007126014679670334, ""total"": 1.1078750248998404}",1,15,187500,16,1.7763568394002503e-15,4.0703275324008857e-16,0.7093869441755188,1.290613055824481
transport,imex_euler,numpy_scipy,cold,0.03125,final_only,"[20, 16]",0.07,"[0.3, -0.2]",periodic,1.129499461967498,1.2036285595968366,0.0020696438948290237,0.003911821573065799,6,1.0896669700741768,"{""matrix"": 0.2883330453187227, ""factorization"": 0.24341698735952377, ""advance"": 0.508624711073935, ""conversion"": 0.014500110410153866, ""output"": 0.006332877092063427, ""total"": 1.0797500144690275}",1,15,187500,16,1.7763568394002503e-15,4.0703275324008857e-16,0.7093869441755188,1.290613055824481
transport,imex_euler,numpy_scipy,cold,0.03125,final_only,"[20, 16]",0.07,"[0.3, -0.2]",periodic,1.129499461967498,1.2036285595968366,0.0020696438948290237,0.003911821573065799,7,1.1028749868273735,"{""matrix"": 0.3113339189440012, ""factorization"": 0.23283297196030617, ""advance"": 0.5134567618370056, ""conversion"": 0.01116609200835228, ""output"": 0.006959075108170509, ""total"": 1.091916928999126}",1,15,187500,16,1.7763568394002503e-15,4.0703275324008857e-16,0.7093869441755188,1.290613055824481
transport,imex_euler,numpy_scipy,cold,0.03125,final_only,"[20, 16]",0.07,"[0.3, -0.2]",periodic,1.129499461967498,1.2036285595968366,0.0020696438948290237,0.003911821573065799,8,1.0926250834017992,"{""matrix"": 0.29029196593910456, ""factorization"": 0.24391699116677046, ""advance"": 0.5130021600052714, ""conversion"": 0.010999967344105244, ""output"": 0.006917980499565601, ""total"": 1.0819999733939767}",1,15,187500,16,1.7763568394002503e-15,4.0703275324008857e-16,0.7093869441755188,1.290613055824481
transport,imex_euler,numpy_scipy,cold,0.03125,final_only,"[20, 16]",0.07,"[0.3, -0.2]",periodic,1.129499461967498,1.2036285595968366,0.0020696438948290237,0.003911821573065799,9,1.0830420069396496,"{""matrix"": 0.2971249632537365, ""factorization"": 0.22537494078278542, ""advance"": 0.5185401532799006, ""conversion"": 0.009917072020471096, ""output"": 0.006332993507385254, ""total"": 1.0735830292105675}",1,15,187500,16,1.7763568394002503e-15,4.0703275324008857e-16,0.7093869441755188,1.290613055824481
transport,imex_euler,numpy_scipy,warm,0.03125,final_only,"[20, 16]",0.07,"[0.3, -0.2]",periodic,0.7994164479896426,0.8331000339239836,0.0020696438948290237,0.003911821573065799,0,0.8141669677570462,"{""matrix"": 0.30704191885888577, ""factorization"": 0.0, ""advance"": 0.46241318341344595, ""conversion"": 0.010124989785254002, ""output"": 0.0070409150794148445, ""total"": 0.8030420867726207}",0,16,187500,16,1.7763568394002503e-15,4.0703275324008857e-16,0.7093869441755188,1.290613055824481
transport,imex_euler,numpy_scipy,warm,0.03125,final_only,"[20, 16]",0.07,"[0.3, -0.2]",periodic,0.7994164479896426,0.8331000339239836,0.0020696438948290237,0.003911821573065799,1,0.9003750747069716,"{""matrix"": 0.31304103322327137, ""factorization"": 0.0, ""advance"": 0.5424593109637499, ""conversion"": 0.01025001984089613, ""output"": 0.006582937203347683, ""total"": 0.889624934643507}",0,16,187500,16,1.7763568394002503e-15,4.0703275324008857e-16,0.7093869441755188,1.290613055824481
transport,imex_euler,numpy_scipy,warm,0.03125,final_only,"[20, 16]",0.07,"[0.3, -0.2]",periodic,0.7994164479896426,0.8331000339239836,0.0020696438948290237,0.003911821573065799,2,0.8256250293925405,"{""matrix"": 0.3367919707670808, ""factorization"": 0.0, ""advance"": 0.44550118036568165, ""conversion"": 0.009916024282574654, ""output"": 0.006624963134527206, ""total"": 0.8149580098688602}",0,16,187500,16,1.7763568394002503e-15,4.0703275324008857e-16,0.7093869441755188,1.290613055824481
transport,imex_euler,numpy_scipy,warm,0.03125,final_only,"[20, 16]",0.07,"[0.3, -0.2]",periodic,0.7994164479896426,0.8331000339239836,0.0020696438948290237,0.003911821573065799,3,0.7742909947410226,"{""matrix"": 0.2911669434979558, ""factorization"": 0.0, ""advance"": 0.44187484309077263, ""conversion"": 0.009624985978007317, ""output"": 0.006249989382922649, ""total"": 0.7642910350114107}",0,16,187500,16,1.7763568394002503e-15,4.0703275324008857e-16,0.7093869441755188,1.290613055824481
transport,imex_euler,numpy_scipy,warm,0.03125,final_only,"[20, 16]",0.07,"[0.3, -0.2]",periodic,0.7994164479896426,0.8331000339239836,0.0020696438948290237,0.003911821573065799,4,0.7852079579606652,"{""matrix"": 0.2906250301748514, ""factorization"": 0.0, ""advance"": 0.4523330135270953, ""conversion"": 0.009291921742260456, ""output"": 0.006791902706027031, ""total"": 0.774584012106061}",0,16,187500,16,1.7763568394002503e-15,4.0703275324008857e-16,0.7093869441755188,1.290613055824481
transport,imex_euler,numpy_scipy,warm,0.03125,final_only,"[20, 16]",0.07,"[0.3, -0.2]",periodic,0.7994164479896426,0.8331000339239836,0.0020696438948290237,0.003911821573065799,5,0.7703331066295505,"{""matrix"": 0.28858298901468515, ""factorization"": 0.0, ""advance"": 0.43900078162550926, ""conversion"": 0.01029099803417921, ""output"": 0.006834045052528381, ""total"": 0.7598749361932278}",0,16,187500,16,1.7763568394002503e-15,4.0703275324008857e-16,0.7093869441755188,1.290613055824481
transport,imex_euler,numpy_scipy,warm,0.03125,final_only,"[20, 16]",0.07,"[0.3, -0.2]",periodic,0.7994164479896426,0.8331000339239836,0.0020696438948290237,0.003911821573065799,6,0.7972499588504434,"{""matrix"": 0.30466692987829447, ""factorization"": 0.0, ""advance"": 0.45120983850210905, ""conversion"": 0.01025001984089613, ""output"": 0.00620819628238678, ""total"": 0.7880410412326455}",0,16,187500,16,1.7763568394002503e-15,4.0703275324008857e-16,0.7093869441755188,1.290613055824481
transport,imex_euler,numpy_scipy,warm,0.03125,final_only,"[20, 16]",0.07,"[0.3, -0.2]",periodic,0.7994164479896426,0.8331000339239836,0.0020696438948290237,0.003911821573065799,7,0.8012918988242745,"{""matrix"": 0.3024169709533453, ""factorization"": 0.0, ""advance"": 0.45670580584555864, ""conversion"": 0.009207986295223236, ""output"": 0.00695791095495224, ""total"": 0.7909999694675207}",0,16,187500,16,1.7763568394002503e-15,4.0703275324008857e-16,0.7093869441755188,1.290613055824481
transport,imex_euler,numpy_scipy,warm,0.03125,final_only,"[20, 16]",0.07,"[0.3, -0.2]",periodic,0.7994164479896426,0.8331000339239836,0.0020696438948290237,0.003911821573065799,8,0.7975409971550107,"{""matrix"": 0.29466592241078615, ""factorization"": 0.0, ""advance"": 0.46008406206965446, ""conversion"": 0.010167015716433525, ""output"": 0.006375019438564777, ""total"": 0.7877500029280782}",0,16,187500,16,1.7763568394002503e-15,4.0703275324008857e-16,0.7093869441755188,1.290613055824481
transport,imex_euler,numpy_scipy,warm,0.03125,final_only,"[20, 16]",0.07,"[0.3, -0.2]",periodic,0.7994164479896426,0.8331000339239836,0.0020696438948290237,0.003911821573065799,9,0.8183339377865195,"{""matrix"": 0.31849998049438, ""factorization"": 0.0, ""advance"": 0.4528750432655215, ""conversion"": 0.01025001984089613, ""output"": 0.006832997314631939, ""total"": 0.8052500197663903}",0,16,187500,16,1.7763568394002503e-15,4.0703275324008857e-16,0.7093869441755188,1.290613055824481
transport,imex_euler,numpy_scipy,cold,0.015625,final_only,"[20, 16]",0.07,"[0.3, -0.2]",periodic,1.5962915495038033,1.6380124958232045,0.001033333180313811,0.001957922920504118,0,1.660624984651804,"{""matrix"": 0.3042919561266899, ""factorization"": 0.3262920072302222, ""advance"": 0.978957861661911, ""conversion"": 0.010708929039537907, ""output"": 0.007000984624028206, ""total"": 1.649916055612266}",1,31,187500,32,1.6283271027835627e-15,3.9172473418273603e-16,0.7093869441755188,1.290613055824481
transport,imex_euler,numpy_scipy,cold,0.015625,final_only,"[20, 16]",0.07,"[0.3, -0.2]",periodic,1.5962915495038033,1.6380124958232045,0.001033333180313811,0.001957922920504118,1,1.614999957382679,"{""matrix"": 0.30195899307727814, ""factorization"": 0.2870839089155197, ""advance"": 0.9735010098665953, ""conversion"": 0.011458061635494232, ""output"": 0.006999005563557148, ""total"": 1.6043749637901783}",1,31,187500,32,1.6283271027835627e-15,3.9172473418273603e-16,0.7093869441755188,1.290613055824481
transport,imex_euler,numpy_scipy,cold,0.015625,final_only,"[20, 16]",0.07,"[0.3, -0.2]",periodic,1.5962915495038033,1.6380124958232045,0.001033333180313811,0.001957922920504118,2,1.6019579488784075,"{""matrix"": 0.30524993781000376, ""factorization"": 0.2604159526526928, ""advance"": 0.986251630820334, ""conversion"": 0.011041993275284767, ""output"": 0.006207963451743126, ""total"": 1.5924579929560423}",1,31,187500,32,1.6283271027835627e-15,3.9172473418273603e-16,0.7093869441755188,1.290613055824481
transport,imex_euler,numpy_scipy,cold,0.015625,final_only,"[20, 16]",0.07,"[0.3, -0.2]",periodic,1.5962915495038033,1.6380124958232045,0.001033333180313811,0.001957922920504118,3,1.593083026818931,"{""matrix"": 0.31274999491870403, ""factorization"": 0.24891691282391548, ""advance"": 0.9796690428629518, ""conversion"": 0.01095794141292572, ""output"": 0.00695791095495224, ""total"": 1.5825839946046472}",1,31,187500,32,1.6283271027835627e-15,3.9172473418273603e-16,0.7093869441755188,1.290613055824481
transport,imex_euler,numpy_scipy,cold,0.015625,final_only,"[20, 16]",0.07,"[0.3, -0.2]",periodic,1.5962915495038033,1.6380124958232045,0.001033333180313811,0.001957922920504118,4,1.578166033141315,"{""matrix"": 0.3070830134674907, ""factorization"": 0.24579104501754045, ""advance"": 0.9738809894770384, ""conversion"": 0.011041993275284767, ""output"": 0.00708398874849081, ""total"": 1.5677500050514936}",1,31,187500,32,1.6283271027835627e-15,3.9172473418273603e-16,0.7093869441755188,1.290613055824481
transport,imex_euler,numpy_scipy,cold,0.015625,final_only,"[20, 16]",0.07,"[0.3, -0.2]",periodic,1.5962915495038033,1.6380124958232045,0.001033333180313811,0.001957922920504118,5,1.592333079315722,"{""matrix"": 0.30495901592075825, ""factorization"": 0.252292025834322, ""advance"": 0.9833363583311439, ""conversion"": 0.010999967344105244, ""output"": 0.006875954568386078, ""total"": 1.5818329993635416}",1,31,187500,32,1.6283271027835627e-15,3.9172473418273603e-16,0.7093869441755188,1.290613055824481
transport,imex_euler,numpy_scipy,cold,0.015625,final_only,"[20, 16]",0.07,"[0.3, -0.2]",periodic,1.5962915495038033,1.6380124958232045,0.001033333180313811,0.001957922920504118,6,1.6354999970644712,"{""matrix"": 0.3117920132353902, ""factorization"": 0.2352090086787939, ""advance"": 1.0372510878369212, ""conversion"": 0.010874937288463116, ""output"": 0.006834045052528381, ""total"": 1.6250419430434704}",1,31,187500,32,1.6283271027835627e-15,3.9172473418273603e-16,0.7093869441755188,1.290613055824481
transport,imex_euler,numpy_scipy,cold,0.015625,final_only,"[20, 16]",0.07,"[0.3, -0.2]",periodic,1.5962915495038033,1.6380124958232045,0.001033333180313811,0.001957922920504118,7,1.5803329879418015,"{""matrix"": 0.317416968755424, ""factorization"": 0.23345905356109142, ""advance"": 0.9785821894183755, ""conversion"": 0.010875053703784943, ""output"": 0.0069160014390945435, ""total"": 1.5700829681009054}",1,31,187500,32,1.6283271027835627e-15,3.9172473418273603e-16,0.7093869441755188,1.290613055824481
transport,imex_euler,numpy_scipy,cold,0.015625,final_only,"[20, 16]",0.07,"[0.3, -0.2]",periodic,1.5962915495038033,1.6380124958232045,0.001033333180313811,0.001957922920504118,8,1.5995000721886754,"{""matrix"": 0.306583009660244, ""factorization"": 0.2452500630170107, ""advance"": 0.9962921030819416, ""conversion"": 0.010999967344105244, ""output"": 0.00691611785441637, ""total"": 1.5892080264165998}",1,31,187500,32,1.6283271027835627e-15,3.9172473418273603e-16,0.7093869441755188,1.290613055824481
transport,imex_euler,numpy_scipy,cold,0.015625,final_only,"[20, 16]",0.07,"[0.3, -0.2]",periodic,1.5962915495038033,1.6380124958232045,0.001033333180313811,0.001957922920504118,9,1.5739999944344163,"{""matrix"": 0.3089170204475522, ""factorization"": 0.2372498856857419, ""advance"": 0.9767913725227118, ""conversion"": 0.010875053703784943, ""output"": 0.0069160014390945435, ""total"": 1.5637079486623406}",1,31,187500,32,1.6283271027835627e-15,3.9172473418273603e-16,0.7093869441755188,1.290613055824481
transport,imex_euler,numpy_scipy,warm,0.015625,final_only,"[20, 16]",0.07,"[0.3, -0.2]",periodic,1.2700000079348683,1.31596599239856,0.001033333180313811,0.001957922920504118,0,1.3155409833416343,"{""matrix"": 0.35545905120670795, ""factorization"": 0.0, ""advance"": 0.9094994748011231, ""conversion"": 0.010458985343575478, ""output"": 0.00695791095495224, ""total"": 1.3047910761088133}",0,32,187500,32,1.6283271027835627e-15,3.9172473418273603e-16,0.7093869441755188,1.290613055824481
transport,imex_euler,numpy_scipy,warm,0.015625,final_only,"[20, 16]",0.07,"[0.3, -0.2]",periodic,1.2700000079348683,1.31596599239856,0.001033333180313811,0.001957922920504118,1,1.265708007849753,"{""matrix"": 0.3036659909412265, ""factorization"": 0.0, ""advance"": 0.9112124098464847, ""conversion"": 0.010375049896538258, ""output"": 0.006958958692848682, ""total"": 1.2551669497042894}",0,32,187500,32,1.6283271027835627e-15,3.9172473418273603e-16,0.7093869441755188,1.290613055824481
transport,imex_euler,numpy_scipy,warm,0.015625,final_only,"[20, 16]",0.07,"[0.3, -0.2]",periodic,1.2700000079348683,1.31596599239856,0.001033333180313811,0.001957922920504118,2,1.319791073910892,"{""matrix"": 0.30883296858519316, ""factorization"": 0.0, ""advance"": 0.9243363747373223, ""conversion"": 0.010041985660791397, ""output"": 0.006124959327280521, ""total"": 1.3104159152135253}",0,32,187500,32,1.6283271027835627e-15,3.9172473418273603e-16,0.7093869441755188,1.290613055824481
transport,imex_euler,numpy_scipy,warm,0.015625,final_only,"[20, 16]",0.07,"[0.3, -0.2]",periodic,1.2700000079348683,1.31596599239856,0.001033333180313811,0.001957922920504118,3,1.27083295956254,"{""matrix"": 0.30729197897017, ""factorization"": 0.0, ""advance"": 0.9146245429292321, ""conversion"": 0.009124982170760632, ""output"": 0.00695791095495224, ""total"": 1.2605000520125031}",0,32,187500,32,1.6283271027835627e-15,3.9172473418273603e-16,0.7093869441755188,1.290613055824481
transport,imex_euler,numpy_scipy,warm,0.015625,final_only,"[20, 16]",0.07,"[0.3, -0.2]",periodic,1.2700000079348683,1.31596599239856,0.001033333180313811,0.001957922920504118,4,1.2691670563071966,"{""matrix"": 0.3073329571634531, ""factorization"": 0.0, ""advance"": 0.9120831964537501, ""conversion"": 0.010249903425574303, ""output"": 0.00687397550791502, ""total"": 1.2589999241754413}",0,32,187500,32,1.6283271027835627e-15,3.9172473418273603e-16,0.7093869441755188,1.290613055824481
transport,imex_euler,numpy_scipy,warm,0.015625,final_only,"[20, 16]",0.07,"[0.3, -0.2]",periodic,1.2700000079348683,1.31596599239856,0.001033333180313811,0.001957922920504118,5,1.275832997635007,"{""matrix"": 0.31108304392546415, ""factorization"": 0.0, ""advance"": 0.9145811200141907, ""conversion"": 0.010167015716433525, ""output"": 0.006958027370274067, ""total"": 1.2656659819185734}",0,32,187500,32,1.6283271027835627e-15,3.9172473418273603e-16,0.7093869441755188,1.290613055824481
transport,imex_euler,numpy_scipy,warm,0.015625,final_only,"[20, 16]",0.07,"[0.3, -0.2]",periodic,1.2700000079348683,1.31596599239856,0.001033333180313811,0.001957922920504118,6,1.2648339616134763,"{""matrix"": 0.3035420086234808, ""factorization"": 0.0, ""advance"": 0.9111681720241904, ""conversion"": 0.010208925232291222, ""output"": 0.006834161467850208, ""total"": 1.2546249199658632}",0,32,187500,32,1.6283271027835627e-15,3.9172473418273603e-16,0.7093869441755188,1.290613055824481
transport,imex_euler,numpy_scipy,warm,0.015625,final_only,"[20, 16]",0.07,"[0.3, -0.2]",periodic,1.2700000079348683,1.31596599239856,0.001033333180313811,0.001957922920504118,7,1.2736250646412373,"{""matrix"": 0.3100000321865082, ""factorization"": 0.0, ""advance"": 0.9136670269072056, ""conversion"": 0.010124989785254002, ""output"": 0.006832997314631939, ""total"": 1.2634169543161988}",0,32,187500,32,1.6283271027835627e-15,3.9172473418273603e-16,0.7093869441755188,1.290613055824481
transport,imex_euler,numpy_scipy,warm,0.015625,final_only,"[20, 16]",0.07,"[0.3, -0.2]",periodic,1.2700000079348683,1.31596599239856,0.001033333180313811,0.001957922920504118,8,1.2683749664574862,"{""matrix"": 0.30499999411404133, ""factorization"": 0.0, ""advance"": 0.9130013640969992, ""conversion"": 0.010207993909716606, ""output"": 0.00700005330145359, ""total"": 1.258250093087554}",0,32,187500,32,1.6283271027835627e-15,3.9172473418273603e-16,0.7093869441755188,1.290613055824481
transport,imex_euler,numpy_scipy,warm,0.015625,final_only,"[20, 16]",0.07,"[0.3, -0.2]",periodic,1.2700000079348683,1.31596599239856,0.001033333180313811,0.001957922920504118,9,1.2685840483754873,"{""matrix"": 0.308374990709126, ""factorization"": 0.0, ""advance"": 0.9103749180212617, ""conversion"": 0.010291114449501038, ""output"": 0.0069160014390945435, ""total"": 1.2585000367835164}",0,32,187500,32,1.6283271027835627e-15,3.9172473418273603e-16,0.7093869441755188,1.290613055824481
transport,imex_euler,numpy_scipy,cold,0.0078125,final_only,"[20, 16]",0.07,"[0.3, -0.2]",periodic,2.472103980835527,2.555662451777607,0.0005163249716041089,0.0009795082768062624,0,2.4882080033421516,"{""matrix"": 0.3079579910263419, ""factorization"": 0.2375420881435275, ""advance"": 1.882751937955618, ""conversion"": 0.009875046089291573, ""output"": 0.0061659375205636024, ""total"": 2.4790000170469284}",1,63,187500,64,3.4046839421838127e-15,3.4481178935286525e-16,0.7093869441755188,1.290613055824481
transport,imex_euler,numpy_scipy,cold,0.0078125,final_only,"[20, 16]",0.07,"[0.3, -0.2]",periodic,2.472103980835527,2.555662451777607,0.0005163249716041089,0.0009795082768062624,1,2.4880000855773687,"{""matrix"": 0.3118339227512479, ""factorization"": 0.23008394055068493, ""advance"": 1.8867948092520237, ""conversion"": 0.009332899935543537, ""output"": 0.006543006747961044, ""total"": 2.478834008798003}",1,63,187500,64,3.4046839421838127e-15,3.4481178935286525e-16,0.7093869441755188,1.290613055824481
transport,imex_euler,numpy_scipy,cold,0.0078125,final_only,"[20, 16]",0.07,"[0.3, -0.2]",periodic,2.472103980835527,2.555662451777607,0.0005163249716041089,0.0009795082768062624,2,2.439624979160726,"{""matrix"": 0.3147920360788703, ""factorization"": 0.2574169775471091, ""advance"": 1.805417938157916, ""conversion"": 0.011041993275284767, ""output"": 0.006291898898780346, ""total"": 2.4297500494867563}",1,63,187500,64,3.4046839421838127e-15,3.4481178935286525e-16,0.7093869441755188,1.290613055824481
transport,imex_euler,numpy_scipy,cold,0.0078125,final_only,"[20, 16]",0.07,"[0.3, -0.2]",periodic,2.472103980835527,2.555662451777607,0.0005163249716041089,0.0009795082768062624,3,2.354791038669646,"{""matrix"": 0.29087497387081385, ""factorization"": 0.23270805831998587, ""advance"": 1.7671675886958838, ""conversion"": 0.010584015399217606, ""output"": 0.0071659451350569725, ""total"": 2.3435410112142563}",1,63,187500,64,3.4046839421838127e-15,3.4481178935286525e-16,0.7093869441755188,1.290613055824481
transport,imex_euler,numpy_scipy,cold,0.0078125,final_only,"[20, 16]",0.07,"[0.3, -0.2]",periodic,2.472103980835527,2.555662451777607,0.0005163249716041089,0.0009795082768062624,4,2.4053750094026327,"{""matrix"": 0.2917919773608446, ""factorization"": 0.21958304569125175, ""advance"": 1.8302948446944356, ""conversion"": 0.010792049579322338, ""output"": 0.007041962817311287, ""total"": 2.3943750420585275}",1,63,187500,64,3.4046839421838127e-15,3.4481178935286525e-16,0.7093869441755188,1.290613055824481
transport,imex_euler,numpy_scipy,cold,0.0078125,final_only,"[20, 16]",0.07,"[0.3, -0.2]",periodic,2.472103980835527,2.555662451777607,0.0005163249716041089,0.0009795082768062624,5,2.4384999414905906,"{""matrix"": 0.3028750652447343, ""factorization"": 0.23070804309099913, ""advance"": 1.8419201951473951, ""conversion"": 0.010709045454859734, ""output"": 0.007083057425916195, ""total"": 2.4280829820781946}",1,63,187500,64,3.4046839421838127e-15,3.4481178935286525e-16,0.7093869441755188,1.290613055824481
transport,imex_euler,numpy_scipy,cold,0.0078125,final_only,"[20, 16]",0.07,"[0.3, -0.2]",periodic,2.472103980835527,2.555662451777607,0.0005163249716041089,0.0009795082768062624,6,2.603249973617494,"{""matrix"": 0.3054580884054303, ""factorization"": 0.2203750191256404, ""advance"": 1.9965838873758912, ""conversion"": 0.010541989468038082, ""output"": 0.010082963854074478, ""total"": 2.5877500884234905}",1,63,187500,64,3.4046839421838127e-15,3.4481178935286525e-16,0.7093869441755188,1.290613055824481
transport,imex_euler,numpy_scipy,cold,0.0078125,final_only,"[20, 16]",0.07,"[0.3, -0.2]",periodic,2.472103980835527,2.555662451777607,0.0005163249716041089,0.0009795082768062624,7,2.550374949350953,"{""matrix"": 0.3606249811127782, ""factorization"": 0.3677080385386944, ""advance"": 1.749125774949789, ""conversion"": 0.015290919691324234, ""output"": 0.008209026418626308, ""total"": 2.537667052820325}",1,63,187500,64,3.4046839421838127e-15,3.4481178935286525e-16,0.7093869441755188,1.290613055824481
transport,imex_euler,numpy_scipy,cold,0.0078125,final_only,"[20, 16]",0.07,"[0.3, -0.2]",periodic,2.472103980835527,2.555662451777607,0.0005163249716041089,0.0009795082768062624,8,2.468332997523248,"{""matrix"": 0.31237490475177765, ""factorization"": 0.31100003980100155, ""advance"": 1.7767947865650058, ""conversion"": 0.013042008504271507, ""output"": 0.007832888513803482, ""total"": 2.456833957694471}",1,63,187500,64,3.4046839421838127e-15,3.4481178935286525e-16,0.7093869441755188,1.290613055824481
transport,imex_euler,numpy_scipy,cold,0.0078125,final_only,"[20, 16]",0.07,"[0.3, -0.2]",periodic,2.472103980835527,2.555662451777607,0.0005163249716041089,0.0009795082768062624,9,2.475874964147806,"{""matrix"": 0.3004170721396804, ""factorization"": 0.27774996124207973, ""advance"": 1.8328744918107986, ""conversion"": 0.012208009138703346, ""output"": 0.00666698906570673, ""total"": 2.465166966430843}",1,63,187500,64,3.4046839421838127e-15,3.4481178935286525e-16,0.7093869441755188,1.290613055824481
transport,imex_euler,numpy_scipy,warm,0.0078125,final_only,"[20, 16]",0.07,"[0.3, -0.2]",periodic,2.1385204745456576,2.1822208305820823,0.0005163249716041089,0.0009795082768062624,0,2.1206249948590994,"{""matrix"": 0.3179160412400961, ""factorization"": 0.0, ""advance"": 1.742086373269558, ""conversion"": 0.01066701952368021, ""output"": 0.006541959010064602, ""total"": 2.1110420348122716}",0,64,187500,64,3.4046839421838127e-15,3.4481178935286525e-16,0.7093869441755188,1.290613055824481
transport,imex_euler,numpy_scipy,warm,0.0078125,final_only,"[20, 16]",0.07,"[0.3, -0.2]",periodic,2.1385204745456576,2.1822208305820823,0.0005163249716041089,0.0009795082768062624,1,2.071790979243815,"{""matrix"": 0.28358399868011475, ""factorization"": 0.0, ""advance"": 1.7287087393924594, ""conversion"": 0.009292038157582283, ""output"": 0.007041962817311287, ""total"": 2.0613339729607105}",0,64,187500,64,3.4046839421838127e-15,3.4481178935286525e-16,0.7093869441755188,1.290613055824481
transport,imex_euler,numpy_scipy,warm,0.0078125,final_only,"[20, 16]",0.07,"[0.3, -0.2]",periodic,2.1385204745456576,2.1822208305820823,0.0005163249716041089,0.0009795082768062624,2,2.148041967302561,"{""matrix"": 0.29925000853836536, ""factorization"": 0.0, ""advance"": 1.7859162762761116, ""conversion"": 0.010292045772075653, ""output"": 0.0069999368861317635, ""total"": 2.1376670338213444}",0,64,187500,64,3.4046839421838127e-15,3.4481178935286525e-16,0.7093869441755188,1.290613055824481
transport,imex_euler,numpy_scipy,warm,0.0078125,final_only,"[20, 16]",0.07,"[0.3, -0.2]",periodic,2.1385204745456576,2.1822208305820823,0.0005163249716041089,0.0009795082768062624,3,2.1551670506596565,"{""matrix"": 0.2962090075016022, ""factorization"": 0.0, ""advance"": 1.7981273122131824, ""conversion"": 0.010209041647613049, ""output"": 0.006207963451743126, ""total"": 2.1458750125020742}",0,64,187500,64,3.4046839421838127e-15,3.4481178935286525e-16,0.7093869441755188,1.290613055824481
transport,imex_euler,numpy_scipy,warm,0.0078125,final_only,"[20, 16]",0.07,"[0.3, -0.2]",periodic,2.1385204745456576,2.1822208305820823,0.0005163249716041089,0.0009795082768062624,4,2.1745000267401338,"{""matrix"": 0.31045801006257534, ""factorization"": 0.0, ""advance"": 1.8025408498942852, ""conversion"": 0.009124982170760632, ""output"": 0.006748945452272892, ""total"": 2.1643750369548798}",0,64,187500,64,3.4046839421838127e-15,3.4481178935286525e-16,0.7093869441755188,1.290613055824481
transport,imex_euler,numpy_scipy,warm,0.0078125,final_only,"[20, 16]",0.07,"[0.3, -0.2]",periodic,2.1385204745456576,2.1822208305820823,0.0005163249716041089,0.0009795082768062624,5,2.251708065159619,"{""matrix"": 0.30204199720174074, ""factorization"": 0.0, ""advance"": 1.8867929466068745, ""conversion"": 0.010457937605679035, ""output"": 0.006541959010064602, ""total"": 2.2404169430956244}",0,64,187500,64,3.4046839421838127e-15,3.4481178935286525e-16,0.7093869441755188,1.290613055824481
transport,imex_euler,numpy_scipy,warm,0.0078125,final_only,"[20, 16]",0.07,"[0.3, -0.2]",periodic,2.1385204745456576,2.1822208305820823,0.0005163249716041089,0.0009795082768062624,6,2.0157500403001904,"{""matrix"": 0.28316699899733067, ""factorization"": 0.0, ""advance"": 1.67291599791497, ""conversion"": 0.009750016033649445, ""output"": 0.006292015314102173, ""total"": 2.0058329682797194}",0,64,187500,64,3.4046839421838127e-15,3.4481178935286525e-16,0.7093869441755188,1.290613055824481
transport,imex_euler,numpy_scipy,warm,0.0078125,final_only,"[20, 16]",0.07,"[0.3, -0.2]",periodic,2.1385204745456576,2.1822208305820823,0.0005163249716041089,0.0009795082768062624,7,2.1007079631090164,"{""matrix"": 0.29195903334766626, ""factorization"": 0.0, ""advance"": 1.7492568586021662, ""conversion"": 0.009292038157582283, ""output"": 0.006292015314102173, ""total"": 2.0912500331178308}",0,64,187500,64,3.4046839421838127e-15,3.4481178935286525e-16,0.7093869441755188,1.290613055824481
transport,imex_euler,numpy_scipy,warm,0.0078125,final_only,"[20, 16]",0.07,"[0.3, -0.2]",periodic,2.1385204745456576,2.1822208305820823,0.0005163249716041089,0.0009795082768062624,8,2.134333015419543,"{""matrix"": 0.30966708436608315, ""factorization"": 0.0, ""advance"": 1.7590485513210297, ""conversion"": 0.010124989785254002, ""output"": 0.006916932761669159, ""total"": 2.1213339641690254}",0,64,187500,64,3.4046839421838127e-15,3.4481178935286525e-16,0.7093869441755188,1.290613055824481
transport,imex_euler,numpy_scipy,warm,0.0078125,final_only,"[20, 16]",0.07,"[0.3, -0.2]",periodic,2.1385204745456576,2.1822208305820823,0.0005163249716041089,0.0009795082768062624,9,2.1427079336717725,"{""matrix"": 0.3004589816555381, ""factorization"": 0.0, ""advance"": 1.7799647757783532, ""conversion"": 0.01029099803417921, ""output"": 0.0069999368861317635, ""total"": 2.1322499960660934}",0,64,187500,64,3.4046839421838127e-15,3.4481178935286525e-16,0.7093869441755188,1.290613055824481
transport,imex_euler,numpy_scipy,cold,0.00390625,final_only,"[20, 16]",0.07,"[0.3, -0.2]",periodic,4.2656875448301435,4.322395217604935,0.0002580813759567747,0.0004898972146061276,0,4.400957957841456,"{""matrix"": 0.3875000402331352, ""factorization"": 0.24800002574920654, ""advance"": 3.677170374430716, ""conversion"": 0.010124989785254002, ""output"": 0.007334048859775066, ""total"": 4.390332964248955}",1,127,187500,128,1.0362081563168126e-15,3.3079526169644117e-16,0.7093869441755188,1.290613055824481
transport,imex_euler,numpy_scipy,cold,0.00390625,final_only,"[20, 16]",0.07,"[0.3, -0.2]",periodic,4.2656875448301435,4.322395217604935,0.0002580813759567747,0.0004898972146061276,1,4.313666024245322,"{""matrix"": 0.3091249382123351, ""factorization"": 0.224500079639256, ""advance"": 3.6925547756254673, ""conversion"": 0.010124989785254002, ""output"": 0.006959075108170509, ""total"": 4.303041961975396}",1,127,187500,128,1.0362081563168126e-15,3.3079526169644117e-16,0.7093869441755188,1.290613055824481
transport,imex_euler,numpy_scipy,cold,0.00390625,final_only,"[20, 16]",0.07,"[0.3, -0.2]",periodic,4.2656875448301435,4.322395217604935,0.0002580813759567747,0.0004898972146061276,2,4.264125018380582,"{""matrix"": 0.3053750842809677, ""factorization"": 0.23008394055068493, ""advance"": 3.6390082677826285, ""conversion"": 0.011292053386569023, ""output"": 0.0072499969974160194, ""total"": 4.252917016856372}",1,127,187500,128,1.0362081563168126e-15,3.3079526169644117e-16,0.7093869441755188,1.290613055824481
transport,imex_euler,numpy_scipy,cold,0.00390625,final_only,"[20, 16]",0.07,"[0.3, -0.2]",periodic,4.2656875448301435,4.322395217604935,0.0002580813759567747,0.0004898972146061276,3,4.142875084653497,"{""matrix"": 0.29483402613550425, ""factorization"": 0.2490419428795576, ""advance"": 3.510377719067037, ""conversion"": 0.011541997082531452, ""output"": 0.007334048859775066, ""total"": 4.131249967031181}",1,127,187500,128,1.0362081563168126e-15,3.3079526169644117e-16,0.7093869441755188,1.290613055824481
transport,imex_euler,numpy_scipy,cold,0.00390625,final_only,"[20, 16]",0.07,"[0.3, -0.2]",periodic,4.2656875448301435,4.322395217604935,0.0002580813759567747,0.0004898972146061276,4,4.245082964189351,"{""matrix"": 0.29937492217868567, ""factorization"": 0.2501250710338354, ""advance"": 3.6055893870070577, ""conversion"": 0.01191697083413601, ""output"": 0.007207971066236496, ""total"": 4.233832936733961}",1,127,187500,128,1.0362081563168126e-15,3.3079526169644117e-16,0.7093869441755188,1.290613055824481
transport,imex_euler,numpy_scipy,cold,0.00390625,final_only,"[20, 16]",0.07,"[0.3, -0.2]",periodic,4.2656875448301435,4.322395217604935,0.0002580813759567747,0.0004898972146061276,5,4.1175829246640205,"{""matrix"": 0.30462502036243677, ""factorization"": 0.30524993781000376, ""advance"": 3.4213783219456673, ""conversion"": 0.01166702713817358, ""output"": 0.00700005330145359, ""total"": 4.106833948753774}",1,127,187500,128,1.0362081563168126e-15,3.3079526169644117e-16,0.7093869441755188,1.290613055824481
transport,imex_euler,numpy_scipy,cold,0.00390625,final_only,"[20, 16]",0.07,"[0.3, -0.2]",periodic,4.2656875448301435,4.322395217604935,0.0002580813759567747,0.0004898972146061276,6,4.190957988612354,"{""matrix"": 0.29104191344231367, ""factorization"": 0.21425005979835987, ""advance"": 3.5982918925583363, ""conversion"": 0.011083902791142464, ""output"": 0.006249989382922649, ""total"": 4.181083058938384}",1,127,187500,128,1.0362081563168126e-15,3.3079526169644117e-16,0.7093869441755188,1.290613055824481
transport,imex_euler,numpy_scipy,cold,0.00390625,final_only,"[20, 16]",0.07,"[0.3, -0.2]",periodic,4.2656875448301435,4.322395217604935,0.0002580813759567747,0.0004898972146061276,7,4.303874913603067,"{""matrix"": 0.31383405439555645, ""factorization"": 0.21595810540020466, ""advance"": 3.685506875626743, ""conversion"": 0.010999967344105244, ""output"": 0.006958027370274067, ""total"": 4.293999983929098}",1,127,187500,128,1.0362081563168126e-15,3.3079526169644117e-16,0.7093869441755188,1.290613055824481
transport,imex_euler,numpy_scipy,cold,0.00390625,final_only,"[20, 16]",0.07,"[0.3, -0.2]",periodic,4.2656875448301435,4.322395217604935,0.0002580813759567747,0.0004898972146061276,8,4.299457999877632,"{""matrix"": 0.32362493220716715, ""factorization"": 0.22266700398176908, ""advance"": 3.666212782263756, ""conversion"": 0.009915907867252827, ""output"": 0.006749993190169334, ""total"": 4.288916010409594}",1,127,187500,128,1.0362081563168126e-15,3.3079526169644117e-16,0.7093869441755188,1.290613055824481
transport,imex_euler,numpy_scipy,cold,0.00390625,final_only,"[20, 16]",0.07,"[0.3, -0.2]",periodic,4.2656875448301435,4.322395217604935,0.0002580813759567747,0.0004898972146061276,9,4.267250071279705,"{""matrix"": 0.3025420010089874, ""factorization"": 0.2285840455442667, ""advance"": 3.6482923896983266, ""conversion"": 0.010917079634964466, ""output"": 0.0069160014390945435, ""total"": 4.256833926774561}",1,127,187500,128,1.0362081563168126e-15,3.3079526169644117e-16,0.7093869441755188,1.290613055824481
transport,imex_euler,numpy_scipy,warm,0.00390625,final_only,"[20, 16]",0.07,"[0.3, -0.2]",periodic,3.9191459072753787,4.0407788823358715,0.0002580813759567747,0.0004898972146061276,0,3.8506670389324427,"{""matrix"": 0.2964999293908477, ""factorization"": 0.0, ""advance"": 3.4641355741769075, ""conversion"": 0.011750031262636185, ""output"": 0.0072499969974160194, ""total"": 3.83854191750288}",0,128,187500,128,1.0362081563168126e-15,3.3079526169644117e-16,0.7093869441755188,1.290613055824481
transport,imex_euler,numpy_scipy,warm,0.00390625,final_only,"[20, 16]",0.07,"[0.3, -0.2]",periodic,3.9191459072753787,4.0407788823358715,0.0002580813759567747,0.0004898972146061276,1,3.9327909471467137,"{""matrix"": 0.3045840421691537, ""factorization"": 0.0, ""advance"": 3.539629396982491, ""conversion"": 0.01100008375942707, ""output"": 0.007207971066236496, ""total"": 3.9218750316649675}",0,128,187500,128,1.0362081563168126e-15,3.3079526169644117e-16,0.7093869441755188,1.290613055824481
transport,imex_euler,numpy_scipy,warm,0.00390625,final_only,"[20, 16]",0.07,"[0.3, -0.2]",periodic,3.9191459072753787,4.0407788823358715,0.0002580813759567747,0.0004898972146061276,2,4.0661669336259365,"{""matrix"": 0.3904160112142563, ""factorization"": 0.0, ""advance"": 3.5872539738193154, ""conversion"": 0.010499963536858559, ""output"": 0.007042079232633114, ""total"": 4.055499914102256}",0,128,187500,128,1.0362081563168126e-15,3.3079526169644117e-16,0.7093869441755188,1.290613055824481
transport,imex_euler,numpy_scipy,warm,0.00390625,final_only,"[20, 16]",0.07,"[0.3, -0.2]",periodic,3.9191459072753787,4.0407788823358715,0.0002580813759567747,0.0004898972146061276,3,3.9553330279886723,"{""matrix"": 0.2972079673781991, ""factorization"": 0.0, ""advance"": 3.5720410523936152, ""conversion"": 0.010582967661321163, ""output"": 0.0069160014390945435, ""total"": 3.944791969843209}",0,128,187500,128,1.0362081563168126e-15,3.3079526169644117e-16,0.7093869441755188,1.290613055824481
transport,imex_euler,numpy_scipy,warm,0.00390625,final_only,"[20, 16]",0.07,"[0.3, -0.2]",periodic,3.9191459072753787,4.0407788823358715,0.0002580813759567747,0.0004898972146061276,4,4.0379579877480865,"{""matrix"": 0.30270800925791264, ""factorization"": 0.0, ""advance"": 3.648000303655863, ""conversion"": 0.010416959412395954, ""output"": 0.006334041245281696, ""total"": 4.027875023894012}",0,128,187500,128,1.0362081563168126e-15,3.3079526169644117e-16,0.7093869441755188,1.290613055824481
transport,imex_euler,numpy_scipy,warm,0.00390625,final_only,"[20, 16]",0.07,"[0.3, -0.2]",periodic,3.9191459072753787,4.0407788823358715,0.0002580813759567747,0.0004898972146061276,5,3.7701670080423355,"{""matrix"": 0.2871250035241246, ""factorization"": 0.0, ""advance"": 3.402087138965726, ""conversion"": 0.009584007784724236, ""output"": 0.006375950761139393, ""total"": 3.7603749660775065}",0,128,187500,128,1.0362081563168126e-15,3.3079526169644117e-16,0.7093869441755188,1.290613055824481
transport,imex_euler,numpy_scipy,warm,0.00390625,final_only,"[20, 16]",0.07,"[0.3, -0.2]",periodic,3.9191459072753787,4.0407788823358715,0.0002580813759567747,0.0004898972146061276,6,3.814582945778966,"{""matrix"": 0.2847500145435333, ""factorization"": 0.0, ""advance"": 3.442338784225285, ""conversion"": 0.009500072337687016, ""output"": 0.007373979315161705, ""total"": 3.8030840223655105}",0,128,187500,128,1.0362081563168126e-15,3.3079526169644117e-16,0.7093869441755188,1.290613055824481
transport,imex_euler,numpy_scipy,warm,0.00390625,final_only,"[20, 16]",0.07,"[0.3, -0.2]",periodic,3.9191459072753787,4.0407788823358715,0.0002580813759567747,0.0004898972146061276,7,3.9062919095158577,"{""matrix"": 0.30637497548013926, ""factorization"": 0.0, ""advance"": 3.512376337312162, ""conversion"": 0.010999967344105244, ""output"": 0.006416928954422474, ""total"": 3.8945829728618264}",0,128,187500,128,1.0362081563168126e-15,3.3079526169644117e-16,0.7093869441755188,1.290613055824481
transport,imex_euler,numpy_scipy,warm,0.00390625,final_only,"[20, 16]",0.07,"[0.3, -0.2]",periodic,3.9191459072753787,4.0407788823358715,0.0002580813759567747,0.0004898972146061276,8,3.801333950832486,"{""matrix"": 0.3085000207647681, ""factorization"": 0.0, ""advance"": 3.411163459531963, ""conversion"": 0.009458046406507492, ""output"": 0.006334041245281696, ""total"": 3.7920420290902257}",0,128,187500,128,1.0362081563168126e-15,3.3079526169644117e-16,0.7093869441755188,1.290613055824481
transport,imex_euler,numpy_scipy,warm,0.00390625,final_only,"[20, 16]",0.07,"[0.3, -0.2]",periodic,3.9191459072753787,4.0407788823358715,0.0002580813759567747,0.0004898972146061276,9,3.9319999050348997,"{""matrix"": 0.3048339858651161, ""factorization"": 0.0, ""advance"": 3.5416294122114778, ""conversion"": 0.009207986295223236, ""output"": 0.006958958692848682, ""total"": 3.9217090234160423}",0,128,187500,128,1.0362081563168126e-15,3.3079526169644117e-16,0.7093869441755188,1.290613055824481
transport,imex_euler,numpy_scipy,cold,0.001953125,final_only,"[20, 16]",0.07,"[0.3, -0.2]",periodic,7.756145438179374,7.89015032351017,0.00012902097700473748,0.0002449852290391519,0,7.730333018116653,"{""matrix"": 0.3053339896723628, ""factorization"": 0.2583330497145653, ""advance"": 7.029382395558059, ""conversion"": 0.012375065125524998, ""output"": 0.006333924829959869, ""total"": 7.720625028014183}",1,255,187500,256,2.516505522483688e-15,2.9654876871993985e-16,0.7093869441755188,1.290613055824481
transport,imex_euler,numpy_scipy,cold,0.001953125,final_only,"[20, 16]",0.07,"[0.3, -0.2]",periodic,7.756145438179374,7.89015032351017,0.00012902097700473748,0.0002449852290391519,1,7.779082981869578,"{""matrix"": 0.3160000778734684, ""factorization"": 0.22187503054738045, ""advance"": 7.066339137963951, ""conversion"": 0.010207993909716606, ""output"": 0.007083057425916195, ""total"": 7.768208044581115}",1,255,187500,256,2.516505522483688e-15,2.9654876871993985e-16,0.7093869441755188,1.290613055824481
transport,imex_euler,numpy_scipy,cold,0.001953125,final_only,"[20, 16]",0.07,"[0.3, -0.2]",periodic,7.756145438179374,7.89015032351017,0.00012902097700473748,0.0002449852290391519,2,7.837750017642975,"{""matrix"": 0.2851249882951379, ""factorization"": 0.21187507081776857, ""advance"": 7.092766463756561, ""conversion"": 0.01037493348121643, ""output"": 0.008790986612439156, ""total"": 7.717416970990598}",1,255,187500,256,2.516505522483688e-15,2.9654876871993985e-16,0.7093869441755188,1.290613055824481
transport,imex_euler,numpy_scipy,cold,0.001953125,final_only,"[20, 16]",0.07,"[0.3, -0.2]",periodic,7.756145438179374,7.89015032351017,0.00012902097700473748,0.0002449852290391519,3,7.594333030283451,"{""matrix"": 0.29254204127937555, ""factorization"": 0.22637494839727879, ""advance"": 6.935973418876529, ""conversion"": 0.013249926269054413, ""output"": 0.007499009370803833, ""total"": 7.582791964523494}",1,255,187500,256,2.516505522483688e-15,2.9654876871993985e-16,0.7093869441755188,1.290613055824481
transport,imex_euler,numpy_scipy,cold,0.001953125,final_only,"[20, 16]",0.07,"[0.3, -0.2]",periodic,7.756145438179374,7.89015032351017,0.00012902097700473748,0.0002449852290391519,4,7.704791962169111,"{""matrix"": 0.3062499454244971, ""factorization"": 0.22337492555379868, ""advance"": 7.0383690763264894, ""conversion"": 0.010791001841425896, ""output"": 0.0073339324444532394, ""total"": 7.693249965086579}",1,255,187500,256,2.516505522483688e-15,2.9654876871993985e-16,0.7093869441755188,1.290613055824481
transport,imex_euler,numpy_scipy,cold,0.001953125,final_only,"[20, 16]",0.07,"[0.3, -0.2]",periodic,7.756145438179374,7.89015032351017,0.00012902097700473748,0.0002449852290391519,5,7.872542017139494,"{""matrix"": 0.31150004360824823, ""factorization"": 0.2187499776482582, ""advance"": 7.203636225312948, ""conversion"": 0.011625001206994057, ""output"": 0.006541959010064602, ""total"": 7.862624945119023}",1,255,187500,256,2.516505522483688e-15,2.9654876871993985e-16,0.7093869441755188,1.290613055824481
transport,imex_euler,numpy_scipy,cold,0.001953125,final_only,"[20, 16]",0.07,"[0.3, -0.2]",periodic,7.756145438179374,7.89015032351017,0.00012902097700473748,0.0002449852290391519,6,7.649291888810694,"{""matrix"": 0.2872920595109463, ""factorization"": 0.21166703663766384, ""advance"": 7.016385905444622, ""conversion"": 0.01008401159197092, ""output"": 0.007207971066236496, ""total"": 7.638624985702336}",1,255,187500,256,2.516505522483688e-15,2.9654876871993985e-16,0.7093869441755188,1.290613055824481
transport,imex_euler,numpy_scipy,cold,0.001953125,final_only,"[20, 16]",0.07,"[0.3, -0.2]",periodic,7.756145438179374,7.89015032351017,0.00012902097700473748,0.0002449852290391519,7,7.733207894489169,"{""matrix"": 0.304332934319973, ""factorization"": 0.23633392993360758, ""advance"": 7.057491107843816, ""conversion"": 0.011582975275814533, ""output"": 0.006832997314631939, ""total"": 7.722125039435923}",1,255,187500,256,2.516505522483688e-15,2.9654876871993985e-16,0.7093869441755188,1.290613055824481
transport,imex_euler,numpy_scipy,cold,0.001953125,final_only,"[20, 16]",0.07,"[0.3, -0.2]",periodic,7.756145438179374,7.89015032351017,0.00012902097700473748,0.0002449852290391519,8,7.904625032097101,"{""matrix"": 0.31158304773271084, ""factorization"": 0.21920795552432537, ""advance"": 7.235428434796631, ""conversion"": 0.011416967026889324, ""output"": 0.0072499969974160194, ""total"": 7.893749978393316}",1,255,187500,256,2.516505522483688e-15,2.9654876871993985e-16,0.7093869441755188,1.290613055824481
transport,imex_euler,numpy_scipy,cold,0.001953125,final_only,"[20, 16]",0.07,"[0.3, -0.2]",periodic,7.756145438179374,7.89015032351017,0.00012902097700473748,0.0002449852290391519,9,7.8885420225560665,"{""matrix"": 0.3136249724775553, ""factorization"": 0.21908397320657969, ""advance"": 7.217849139124155, ""conversion"": 0.011208932846784592, ""output"": 0.006499933078885078, ""total"": 7.879083044826984}",1,255,187500,256,2.516505522483688e-15,2.9654876871993985e-16,0.7093869441755188,1.290613055824481
transport,imex_euler,numpy_scipy,warm,0.001953125,final_only,"[20, 16]",0.07,"[0.3, -0.2]",periodic,7.5118960230611265,7.64879205962643,0.00012902097700473748,0.0002449852290391519,0,7.429667050018907,"{""matrix"": 0.3052919637411833, ""factorization"": 0.0, ""advance"": 6.99144892860204, ""conversion"": 0.01058308407664299, ""output"": 0.006207963451743126, ""total"": 7.419708999805152}",0,256,187500,256,2.516505522483688e-15,2.9654876871993985e-16,0.7093869441755188,1.290613055824481
transport,imex_euler,numpy_scipy,warm,0.001953125,final_only,"[20, 16]",0.07,"[0.3, -0.2]",periodic,7.5118960230611265,7.64879205962643,0.00012902097700473748,0.0002449852290391519,1,7.562541984952986,"{""matrix"": 0.30945800244808197, ""factorization"": 0.0, ""advance"": 7.0635819574818015, ""conversion"": 0.009416951797902584, ""output"": 0.008416012860834599, ""total"": 7.496958947740495}",0,256,187500,256,2.516505522483688e-15,2.9654876871993985e-16,0.7093869441755188,1.290613055824481
transport,imex_euler,numpy_scipy,warm,0.001953125,final_only,"[20, 16]",0.07,"[0.3, -0.2]",periodic,7.5118960230611265,7.64879205962643,0.00012902097700473748,0.0002449852290391519,2,7.273708004504442,"{""matrix"": 0.28962502256035805, ""factorization"": 0.0, ""advance"": 6.846708711236715, ""conversion"": 0.011499971151351929, ""output"": 0.00691611785441637, ""total"": 7.263332954607904}",0,256,187500,256,2.516505522483688e-15,2.9654876871993985e-16,0.7093869441755188,1.290613055824481
transport,imex_euler,numpy_scipy,warm,0.001953125,final_only,"[20, 16]",0.07,"[0.3, -0.2]",periodic,7.5118960230611265,7.64879205962643,0.00012902097700473748,0.0002449852290391519,3,7.4280829867348075,"{""matrix"": 0.29437500052154064, ""factorization"": 0.0, ""advance"": 6.998464581556618, ""conversion"": 0.009375042282044888, ""output"": 0.0071249669417738914, ""total"": 7.41695798933506}",0,256,187500,256,2.516505522483688e-15,2.9654876871993985e-16,0.7093869441755188,1.290613055824481
transport,imex_euler,numpy_scipy,warm,0.001953125,final_only,"[20, 16]",0.07,"[0.3, -0.2]",periodic,7.5118960230611265,7.64879205962643,0.00012902097700473748,0.0002449852290391519,4,7.619458017870784,"{""matrix"": 0.2996668918058276, ""factorization"": 0.0, ""advance"": 7.180754211731255, ""conversion"": 0.010582967661321163, ""output"": 0.006209011189639568, ""total"": 7.605083053931594}",0,256,187500,256,2.516505522483688e-15,2.9654876871993985e-16,0.7093869441755188,1.290613055824481
transport,imex_euler,numpy_scipy,warm,0.001953125,final_only,"[20, 16]",0.07,"[0.3, -0.2]",periodic,7.5118960230611265,7.64879205962643,0.00012902097700473748,0.0002449852290391519,5,7.720792084001005,"{""matrix"": 0.3192079020664096, ""factorization"": 0.0, ""advance"": 7.255592732690275, ""conversion"": 0.009459094144403934, ""output"": 0.008041970431804657, ""total"": 7.70354107953608}",0,256,187500,256,2.516505522483688e-15,2.9654876871993985e-16,0.7093869441755188,1.290613055824481
transport,imex_euler,numpy_scipy,warm,0.001953125,final_only,"[20, 16]",0.07,"[0.3, -0.2]",periodic,7.5118960230611265,7.64879205962643,0.00012902097700473748,0.0002449852290391519,6,7.469292031601071,"{""matrix"": 0.31287490855902433, ""factorization"": 0.0, ""advance"": 7.018290227279067, ""conversion"": 0.01191697083413601, ""output"": 0.007041962817311287, ""total"": 7.457625004462898}",0,256,187500,256,2.516505522483688e-15,2.9654876871993985e-16,0.7093869441755188,1.290613055824481
transport,imex_euler,numpy_scipy,warm,0.001953125,final_only,"[20, 16]",0.07,"[0.3, -0.2]",periodic,7.5118960230611265,7.64879205962643,0.00012902097700473748,0.0002449852290391519,7,7.554500014521182,"{""matrix"": 0.3132499987259507, ""factorization"": 0.0, ""advance"": 7.102431147359312, ""conversion"": 0.01191697083413601, ""output"": 0.0068749068304896355, ""total"": 7.543500047177076}",0,256,187500,256,2.516505522483688e-15,2.9654876871993985e-16,0.7093869441755188,1.290613055824481
transport,imex_euler,numpy_scipy,warm,0.001953125,final_only,"[20, 16]",0.07,"[0.3, -0.2]",periodic,7.5118960230611265,7.64879205962643,0.00012902097700473748,0.0002449852290391519,8,7.640792056918144,"{""matrix"": 0.30687497928738594, ""factorization"": 0.0, ""advance"": 7.197513361461461, ""conversion"": 0.010375049896538258, ""output"": 0.006958027370274067, ""total"": 7.630000007338822}",0,256,187500,256,2.516505522483688e-15,2.9654876871993985e-16,0.7093869441755188,1.290613055824481
transport,imex_euler,numpy_scipy,warm,0.001953125,final_only,"[20, 16]",0.07,"[0.3, -0.2]",periodic,7.5118960230611265,7.64879205962643,0.00012902097700473748,0.0002449852290391519,9,7.460166001692414,"{""matrix"": 0.30333304312080145, ""factorization"": 0.0, ""advance"": 7.021136814728379, ""conversion"": 0.01008401159197092, ""output"": 0.007125083357095718, ""total"": 7.449290947988629}",0,256,187500,256,2.516505522483688e-15,2.9654876871993985e-16,0.7093869441755188,1.290613055824481
